#NENW,,,,,
,,,,,
choose_arboreal_patron;Choose a Patron Diety;;;;;;;;;;;;;x,,,,,
choose_arboreal_patron_desc;The Arboreal faith has many Gods. I should associate myself with one of them.;;;;;;;;;;;;;x,,,,,
arboreal1Desc;The Great Architect is the creator of the universe, but there are many gods that can be worshiped among the Arboreal faithful, while others must be kept away. You should choose one to follow.;;;;;;;;;;;;;x,,,
EVTOPTA_arboreal1;I shall follow the teachings of our Mother, Gaia.;;;;;;;;;;;;;x,,,,
EVTOPTB_arboreal1;The Great Architect is the greatest, may he guide me!;;;;;;;;;;;;;x,,,,
EVTOPTC_arboreal1;The Lesser Gods rule over many things, they deserve my worship.;;;;;;;;;;;;;x,,,,
EVTOPTD_arboreal1;I will instead devote myself to halting the Old Ones.;;;;;;;;;;;;;x,,,,,
arboreal_gaian_opinion;Gaian Lodge Opinion;;;;;;;;;;;;;x,,,,,
arboreal_architect_opinion;Architectural Lodge Opinion;;;;;;;;;;;;;x,,,,,
arboreal_murican_opinion;Hero Lodge Opinion;;;;;;;;;;;;;x,,,,,
arboreal_old_ones_opinion;Sacrificial Lodge Opinion;;;;;;;;;;;;;x,,,,,
arboreal_reformed_gaian_opinion;Gaian Lodge Opinion;;;;;;;;;;;;;x,,,,,
arboreal_reformed_architect_opinion;Architectural Lodge Opinion;;;;;;;;;;;;;x,,,,,
arboreal_reformed_murican_opinion;Hero Lodge Opinion;;;;;;;;;;;;;x,,,,,
arboreal_reformed_old_ones_opinion;Sacrificial Lodge Opinion;;;;;;;;;;;;;x,,,,,
lobsterfolk_opinion;Lobsterfolk Opinion;;;;;;;;;;;;;x,,,,,
kolorantoi_opinion;[kolorantoi.GetName] Opinion;;;;;;;;;;;;;x,,,,,
westerosi_valyrian_opinion;[westerosi_valyrian.GetName] Opinion;;;;;;;;;;;;;x,,,,,
florintoi_opinion;[florintoi.GetName] Opinion;;;;;;;;;;;;;x,,,,,
intianoi_opinion;[intianoi.GetName] Opinion;;;;;;;;;;;;;x,,,,,
gaian_opinion;Gaian Opinion;;;;;;;;;;;;;x,,,,,
ny_asian_opinion;Dongren Opinion;;;;;;;;;;;;;x,,,,,
californian_opinion;Anglofornian Opinion;;;;;;;;;;;;;x,,,,,
californio_group_opinion;Hispanifornian Opinion;;;;;;;;;;;;;x,,,,,
celtic_pagan_opinion;Fogwatcher Opinion;;;;;;;;;;;;;x,,,,,
celtic_pagan_reformed_opinion;Reformed Fogwatcher Opinion;;;;;;;;;;;;;x,,,,,
mainline_opinion;Mainline Opinion;;;;;;;;;;;;;x,,,,,
crawfisher_opinion;Crawfisher Opinion;;;;;;;;;;;;;x,,,,,
antiquarianist_opinion;[antiquarianist.GetName] Opinion;;;;;;;;;;;;;x,,,,,
antiquarianist_reformed_opinion;Reformed Industrialist Opinion;;;;;;;;;;;;;x,,,,,
loyalist_opinion;Loyalist Opinion;;;;;;;;;;;;;x,,,,,
sedevacantist_opinion;Gallicanist Opinion;;;;;;;;;;;;;x,,,,,
raelian_opinion;[raelian.GetName] Opinion;;;;;;;;;;;;;x,,,,,
delver_opinion;[delver.GetName] Opinion;;;;;;;;;;;;;x,,,,,
delver_reformed_opinion;Reformed Delver Opinion;;;;;;;;;;;;;x,,,,,
quaker_opinion;[quaker.GetName] Opinion;;;;;;;;;;;;;x,,,,,
tquaker_opinion;[tquaker.GetName] Opinion;;;;;;;;;;;;;x,,,,,
salihi_opinion;[salihi.GetName] Opinion;;;;;;;;;;;;;x,,,,,
mahayana_opinion;[mahayana.GetName] Opinion;;;;;;;;;;;;;x,,,,,
triumphant_opinion;[triumphant.GetName] Opinion;;;;;;;;;;;;;x,,,,,
ojibwe_opinion;[ojibwe.GetGroupName] Opinion;;;;;;;;;;;;;x,,,,,
peyotist_opinion;[peyotist.GetName] Opinion;;;;;;;;;;;;;x,,,,,
dragon_group_opinion;[dragon_group.GetGroupName] Opinion;;;;;;;;;;;;;x,,,,,
high_american_opinion;[high_american.GetGroupName] Opinion;;;;;;;;;;;;;x,,,,,
low_american_opinion;[low_american.GetGroupName] Opinion;;;;;;;;;;;;;x,,,,,
laurentine_anglo_opinion;[laurentine_anglo.GetGroupName] Opinion;;;;;;;;;;;;;x,,,,,
franco_canadian_opinion;[franco_canadian.GetGroupName] Opinion;;;;;;;;;;;;;x,,,,,
patron_isis_opinion;Isis Cult Opinion;;;;;;;;;;;;;x,,,,,
patron_horus_opinion;Horus-Ra Cult Opinion;;;;;;;;;;;;;x,,,,,
patron_linkon_opinion;Linkon Cult Opinion;;;;;;;;;;;;;x,,,,,
patron_osiris_opinion;Osiris Cult Opinion;;;;;;;;;;;;;x,,,,,
patron_thoth_opinion;Thoth Cult Opinion;;;;;;;;;;;;;x,,,,,
patron_hathor_opinion;Hathor Cult Opinion;;;;;;;;;;;;;x,,,,,
patron_sekhmet_opinion;Sekhmet Cult Opinion;;;;;;;;;;;;;x,,,,,
patron_anubis_opinion;Anubis Cult Opinion;;;;;;;;;;;;;x,,,,,
,,,,,
EVTNAME_kemetic_300;Choosing a Patron God;;;;;;;;;x,,,,,
EVTDESC_kemetic_300;Kemetics have many divine beings, which one will you choose as your Patron?;;;;;;;;;x,,,,
EVTNAME_kemetic_301;Choosing a Patron God;;;;;;;;;x,,,,,
EVTDESC_kemetic_301;Kemetics have many divine beings, which one will you choose as your Patron?;;;;;;;;;x,,,,
EVTNAME_kemetic_303;Choosing a Patron God;;;;;;;;;x,,,,,
EVTDESC_kemetic_303;Kemetics have many divine beings, which one will you choose as your Patron?;;;;;;;;;x,,,,
EVTOPTA_kemetic_300;I will join the Cult of Osiris;;;;;;;;;x,,,,,
EVTOPTB_kemetic_300;I will join the Cult of Isis;;;;;;;;;x,,,,,
EVTOPTC_kemetic_300;I will join the Cult of Horus-Ra;;;;;;;;;x,,,,,
EVTOPTD_kemetic_300;I will join the Cult of Linkon;;;;;;;;;x,,,,,
EVTOPTE_kemetic_300;Perhaps there are other options.;;;;;;;;;x,,,,,
EVTOPTA_kemetic_301;I will join the Cult of Thoth;;;;;;;;;x,,,,,
EVTOPTB_kemetic_301;I will join the Cult of Hathor;;;;;;;;;x,,,,,
EVTOPTC_kemetic_301;I will join the Cult of Sekhmet;;;;;;;;;x,,,,,
EVTOPTD_kemetic_301;I will join the Cult of Anubis;;;;;;;;;x,,,,,
EVTOPTE_kemetic_301;Perhaps there are other options.;;;;;;;;;x,,,,,
EVTOPTF_kemetic_301;Perhaps those were better options?;;;;;;;;;x,,,,,
choose_kemetic_cult;Choose a Kemetic Patron God;;;;;;;;;x,,,,,
choose_kemetic_cult_desc;As a Kemetic I must choose one of the Divine Eigth to worship.;;;;;;;;;x,,,,,
wonder_pyramid_memphis;Memphis Pyramid;;;;;;;;;x,,,,,
wonder_pyramid_memphis_desc;This pyramid was built by order of Pharaoh Klemens, the founder of the first Mississippi Empire. Tradition has it that the Pharaoh had the pyramid built on top of the remains of an antediviludian pyramid that was too damaged to be restored.;;;;;;;;;x,,,,
wonder_slc_temple_square;Temple Square;;;;;;;;;x,,,,,
wonder_slc_temple_square_desc;Ever the heart of Salt Lake City, Temple Square has slowly recovered from the Brighamite riots and provides religious fervor for all Mormons.;;;;;;;;;x,,,,
wonder_hoover_dam;Hoover Dam;;;;;;;;;x,,,,,
wonder_hoover_dam_desc;Las Vegas would have been pillaged and sacked countless times over if not for Hoover Dam, which has provided water to drink and a defensible chokepoint that many would-be invaders have broken their armies upon.;;;;;;;;;x,,,,
federal_way;Federal Way;;;;;;;;;x,,,,,
ninety_five_south;I-95S;;;;;;;;;x,,,,,
CLOWNPRINCE;Clown Prince;;;;;;;;;x,,,,,
CESAR;César;;;;;;;;;x,,,,,
COMMISSAR;Commissar;;;;;;;;;x,,,,,
COMMANDERINCHIEF;Commander-in-Chief;;;;;;;;;x,,,,,
BOSS;Boss;;;;;;;;;x,,,,,
REVEREND-EMPEROR;Reverend-Emperor;;;;;;;;;x,,,,,
REVEREND-EMPRESS;Reverend-Empress;;;;;;;;;x,,,,,
GREATGURU;Great Guru;;;;;;;;;x,,,,,
GREATGURU_FOA;Great Guru;;;;;;;;;x,,,,,
PREFIX_CELESTIAL_EMPIRE;Celestial Empire of;;;;;;;;;x,,,,,
,,,,,
EVTNAME_delver_300;Choosing a Lodge;;;;;;;;;x,,,,,
EVTDESC_delver_300;All Delvers are part of a Lodge, and now I must make a decision of which one I shall join.;;;;;;;;;x,,,,
EVTOPTA_delver_300;I will join the Triadic Lodge;;;;;;;;;x,,,,,
EVTOPTB_delver_300;I will join the Draconic Lodge;;;;;;;;;x,,,,,
EVTOPTC_delver_300;I will join the Imperial Lodge;;;;;;;;;x,,,,,
EVTOPTD_delver_300;I will join the Chaotic Lodge;;;;;;;;;x,,,,,
choose_delver_cult;Choose a Delver Lodge;;;;;;;;;x,,,,,
choose_delver_cult_desc;As a Delver I must choose one of the four main Lodges to join.;;;;;;;;;x,,,,,
,,,,,
ca_culture_lil_egyptian_1;Maryannu Knight Grounds;;;;;;;;;;;;;x,,,,,
ca_culture_lil_egyptian_2;Maryannu Knight Grounds;;;;;;;;;;;;;x,,,,,
ca_culture_lil_egyptian_3;Maryannu Knight Grounds;;;;;;;;;;;;;x,,,,,
ca_culture_lil_egyptian_4;Maryannu Knight Grounds;;;;;;;;;;;;;x,,,,,
ca_culture_lil_egyptian_1_desc;The Pride of Mississipian Nobility, these Charioteers represent the power and chivalry of the lands of Egypt. Established under the rule of Klemens I, they have long since changed and have adopted heavier armor from Cahokia while keeping their unique Kemetic style.;;;;;;;;;;;;;x,,,
,,,,,
ca_culture_watcher_1;Watchman Barracks;;;;;;;;;;;;;x,,,,,
ca_culture_watcher_2;Watchman Barracks;;;;;;;;;;;;;x,,,,,
ca_culture_watcher_3;Watchman Barracks;;;;;;;;;;;;;x,,,,,
ca_culture_watcher_4;Watchman Barracks;;;;;;;;;;;;;x,,,,,
ca_culture_watcher_1_desc;The Watchers's main force live in these buildings, ready for battle at a minute's notice. The Watchman pledge their whole lives to defend and fight for christiandom and thus are counted as the Order's most elite troops on the battlefield regardless of their rank within the Order. With some higher ranking and skilled members fighting on the field as Heavy Cavalry.;;;;;;;;;;;;;x,,,,
,,,,,
ca_culture_mis_auxilia_1;Mississipian Auxiliary Camp;;;;;;;;;;;;;x,,,,,
ca_culture_mis_auxilia_2;Mississipian Auxiliary Camp;;;;;;;;;;;;;x,,,,,
ca_culture_mis_auxilia_3;Mississipian Auxiliary Camp;;;;;;;;;;;;;x,,,,,
ca_culture_mis_auxilia_4;Mississipian Auxiliary Camp;;;;;;;;;;;;;x,,,,,
ca_culture_mis_auxilia_1_desc;Coming from the border regions of the Upper Mississippi or smaller groups within it, these men form the first response to any attack on its borders.;;;;;;;;;;;;;x,,,,
,,,,,
ca_culture_pennsilfaanisch_1;Grenzsoldaat Barracks;;;;;;;;;;;;;x,,,,,
ca_culture_pennsilfaanisch_2;Grenzsoldaat Barracks;;;;;;;;;;;;;x,,,,,
ca_culture_pennsilfaanisch_3;Grenzsoldaat Barracks;;;;;;;;;;;;;x,,,,,
ca_culture_pennsilfaanisch_4;Grenzsoldaat Barracks;;;;;;;;;;;;;x,,,,,
ca_culture_pennsilfaanisch_1_desc;These barracks house the Grenzsoldaaten, protectors of the east coast german communities. These men come from those who wish to protect their homeland and families from the ever changing times the Old Order's believers are facing, giving up their way of life so others may continue to practice it in peace from foreign invaders.;;;;;;;;;;;;;x,,,
,,,,,
ca_culture_azure_1;Companion Camp;;;;;;;;;;;;;x,,,,,
ca_culture_azure_1;Companion Camp;;;;;;;;;;;;;x,,,,,
ca_culture_azure_1;Companion Camp;;;;;;;;;;;;;x,,,,,
ca_culture_azure_1;Companion Camp;;;;;;;;;;;;;x,,,,,
ca_culture_azure_1_desc;The Companions are the elite of the Mississipian Armies, these trained Swordsman and Zouaves come from the core regions of the Mississippi and excel in urban combat. Originally the soldiers under the commmand of at the time Prince Basil I, they have been expended in role during his later conquests as Azure Emperor. They have since been divided into many smaller companies of Men-At-Arms, whos loyalty may be closer to that of their local ruler then the Azure Throne.;;;;;;;;;;;;;x,,
,,,,,
ca_culture_shomrim_1;Shomrim Range;;;;;;;;;;;;;x,,,,,
ca_culture_shomrim_2;Shomrim Range;;;;;;;;;;;;;x,,,,,
ca_culture_shomrim_3;Shomrim Range;;;;;;;;;;;;;x,,,,,
ca_culture_shomrim_4;Shomrim Range;;;;;;;;;;;;;x,,,,,
tb_culture_shomrim_1;Shomrim Camp;;;;;;;;;;;;;x,,,,,
tb_culture_shomrim_2;Shomrim Camp;;;;;;;;;;;;;x,,,,,
tb_culture_shomrim_3;Shomrim Camp;;;;;;;;;;;;;x,,,,,
tb_culture_shomrim_4;Shomrim Camp;;;;;;;;;;;;;x,,,,,
ca_culture_shomrim_1_desc;The Shomrim are a civilian militia patrol specializing in peacekeeping in their realms. In wartime, they turn into an auxillary unit for their lieges.;;;;;;;;;;;;;x,,,,
,,,,,
ca_culture_federalist_1;Columbian Minutemen Garrison;;;;;;;;;;;;;x,,,,,
ca_culture_federalist_2;Columbian Minutemen Garrison;;;;;;;;;;;;;x,,,,,
ca_culture_federalist_3;Columbian Minutemen Garrison;;;;;;;;;;;;;x,,,,,
ca_culture_federalist_4;Columbian Minutemen Garrison;;;;;;;;;;;;;x,,,,,
tb_culture_federalist_1;Columbian Minutemen Watchtower;;;;;;;;;;;;;x,,,,,
tb_culture_federalist_2;Columbian Minutemen Watchtower;;;;;;;;;;;;;x,,,,,
tb_culture_federalist_3;Columbian Minutemen Watchtower;;;;;;;;;;;;;x,,,,,
tb_culture_federalist_4;Columbian Minutemen Watchtower;;;;;;;;;;;;;x,,,,,
ca_culture_federalist_1_desc;The Columbian Minutemen while not part of the Military or National Guard are an important irregular force, being skilled in outmaneuvering any foe while unleashing volleys of musket fire.;;;;;;;;;;;;;x,,,,
,,,,,
ca_culture_politan_1;City Guard Station;;;;;;;;;;;;;x,,,,,
ca_culture_politan_2;City Guard Station;;;;;;;;;;;;;x,,,,,
ca_culture_politan_3;City Guard Station;;;;;;;;;;;;;x,,,,,
ca_culture_politan_4;City Guard Station;;;;;;;;;;;;;x,,,,,
tb_culture_politan_1;City Guard Watchtower;;;;;;;;;;;;;x,,,,,
tb_culture_politan_2;City Guard Watchtower;;;;;;;;;;;;;x,,,,,
tb_culture_politan_3;City Guard Watchtower;;;;;;;;;;;;;x,,,,,
tb_culture_politan_4;City Guard Watchtower;;;;;;;;;;;;;x,,,,,
ca_culture_politan_1_desc;The Politan City Guard are a military unit tasked with being the first line of defense against any invader. In times of peace however, they are tasked with keeping the peace along the realm.;;;;;;;;;;;;;x,,,,
,,,,,
ca_culture_appalachian_1;Appalachian Volunteer Barracks;;;;;;;;;;;;;x,,,,,
ca_culture_appalachian_2;Appalachian Volunteer Barracks;;;;;;;;;;;;;x,,,,,
ca_culture_appalachian_3;Appalachian Volunteer Barracks;;;;;;;;;;;;;x,,,,,
ca_culture_appalachian_4;Appalachian Volunteer Barracks;;;;;;;;;;;;;x,,,,,
tb_culture_appalachian_1;Appalachian Volunteer Grounds;;;;;;;;;;;;;x,,,,,
tb_culture_appalachian_2;Appalachian Volunteer Grounds;;;;;;;;;;;;;x,,,,,
tb_culture_appalachian_3;Appalachian Volunteer Grounds;;;;;;;;;;;;;x,,,,,
tb_culture_appalachian_4;Appalachian Volunteer Grounds;;;;;;;;;;;;;x,,,,,
ca_culture_appalachian_1_desc;The tight-knit dynasties and septs of southern Applachia, while not prone to maintaining permanent armies, raise great quantities of eager young men eager for glory in times of war, with such men needing to be willing to traverse the rugged terrain of their homelands. These Volunteers are generally armed with what their households can provide, whether that be a yeoman's axe or a chieftain's claymore, and are men who know the nooks and crannies of the valleys and hollers who are comfortable sustaining themselves from the land.;;;;;;;;;;;;;x
,,,,,
ca_culture_vandalian_1;Vandalian Longhunter Barracks;;;;;;;;;;;;;x,,,,,
ca_culture_vandalian_2;Vandalian Longhunter Barracks;;;;;;;;;;;;;x,,,,,
ca_culture_vandalian_3;Vandalian Longhunter Barracks;;;;;;;;;;;;;x,,,,,
ca_culture_vandalian_4;Vandalian Longhunter Barracks;;;;;;;;;;;;;x,,,,,
tb_culture_vandalian_1;Vandalian Longhunter Meeting Ground;;;;;;;;;;;;;x,,,,,
tb_culture_vandalian_2;Vandalian Longhunter Meeting Ground;;;;;;;;;;;;;x,,,,,
tb_culture_vandalian_3;Vandalian Longhunter Meeting Ground;;;;;;;;;;;;;x,,,,,
tb_culture_vandalian_4;Vandalian Longhunter Meeting Ground;;;;;;;;;;;;;x,,,,,
ca_culture_vandalian_1_desc;The Vandalians have regularly suffered from invasions from lowlanders who have persecuted them not just for their land, but for their beliefs, and the Longhunters emerged from these continual struggles against those outsiders who would wish to break the Vandalian people. The Longhunter order recruits primarily from the ranks of trappers and huntsmen, men who are comfortable traversing very far from their homelands, and who take pleasure at denying succor to their enemies. Members of the Longstriders have been known to be absent from the otherwise close-knit Vandalian homesteads for years at a time, earning them a eerie reputation among their kin whenever they see their red scarfs.;;;;;;;;;;;;;x
,,,,,
ca_culture_nashvillian_1;Nashviller Hoplite Barracks;;;;;;;;;;;;;x,,,,,
ca_culture_nashvillian_2;Nashviller Hoplite Barracks;;;;;;;;;;;;;x,,,,,
ca_culture_nashvillian_3;Nashviller Hoplite Barracks;;;;;;;;;;;;;x,,,,,
ca_culture_nashvillian_4;Nashviller Hoplite Barracks;;;;;;;;;;;;;x,,,,,
tb_culture_nashvillian_1;Nashviller Hoplite Proving Grounds;;;;;;;;;;;;;x,,,,,
tb_culture_nashvillian_2;Nashviller Hoplite Proving Grounds;;;;;;;;;;;;;x,,,,,
tb_culture_nashvillian_3;Nashviller Hoplite Proving Grounds;;;;;;;;;;;;;x,,,,,
tb_culture_nashvillian_4;Nashviller Hoplite Proving Grounds;;;;;;;;;;;;;x,,,,,
ca_culture_nashvillian_1_desc;The Hoplites of Nashville are a one of the most famed Phalanx men among the peoples of America, having participated in many wars trough out its history, aided by their elephant companions, with them said to be emulating the army of a King of Old who had victory named after him an Ocean away.;;;;;;;;;;;;;x,,
,,,,,
ca_culture_kaintucker_1;Derby Cavalry Stables;;;;;;;;;;;;;x,,,,,
ca_culture_kaintucker_2;Derby Cavalry Stables;;;;;;;;;;;;;x,,,,,
ca_culture_kaintucker_3;Derby Cavalry Stables;;;;;;;;;;;;;x,,,,,
ca_culture_kaintucker_4;Derby Cavalry Stables;;;;;;;;;;;;;x,,,,,
tb_culture_kaintucker_1;Derby Cavalry Fields;;;;;;;;;;;;;x,,,,,
tb_culture_kaintucker_2;Derby Cavalry Fields;;;;;;;;;;;;;x,,,,,
tb_culture_kaintucker_3;Derby Cavalry Fields;;;;;;;;;;;;;x,,,,,
tb_culture_kaintucker_4;Derby Cavalry Fields;;;;;;;;;;;;;x,,,,,
ca_culture_kaintucker_1_desc;The Derby Cavalry hail from Kentucky's rich history of horses. These men and their trusty steeds bond for a life long partnership, wearing extravagantly painted markings on their armor.;;;;;;;;;;;;;x,,,,
,,,,,
ca_culture_hellfighters_1;Hellfighter Garrison;;;;;;;;;;;;;x,,,,,
ca_culture_hellfighters_2;Hellfighter Garrison;;;;;;;;;;;;;x,,,,,
ca_culture_hellfighters_3;Hellfighter Garrison;;;;;;;;;;;;;x,,,,,
ca_culture_hellfighters_4;Hellfighter Garrison;;;;;;;;;;;;;x,,,,,
tb_culture_hellfighters_1;Hellfighter Watchtower;;;;;;;;;;;;;x,,,,,
tb_culture_hellfighters_2;Hellfighter Watchtower;;;;;;;;;;;;;x,,,,,
tb_culture_hellfighters_3;Hellfighter Watchtower;;;;;;;;;;;;;x,,,,,
tb_culture_hellfighters_4;Hellfighter Watchtower;;;;;;;;;;;;;x,,,,,
ca_culture_hellfighters_1_desc;The Hellfighters are a unit of Afro-Americans who venerate an antediviludian unit made out of their kin, who fought with gallantry and bravery. These men aim to do the same, striking deep into their enemies.;;;;;;;;;;;;;x,,,
,,,,,
ca_culture_maroon_1;Maroon Garrison;;;;;;;;;;;;;x,,,,,
ca_culture_maroon_2;Maroon Garrison;;;;;;;;;;;;;x,,,,,
ca_culture_maroon_3;Maroon Garrison;;;;;;;;;;;;;x,,,,,
ca_culture_maroon_4;Maroon Garrison;;;;;;;;;;;;;x,,,,,
tb_culture_maroon_1;Maroon Watchtower;;;;;;;;;;;;;x,,,,,
tb_culture_maroon_2;Maroon Watchtower;;;;;;;;;;;;;x,,,,,
tb_culture_maroon_3;Maroon Watchtower;;;;;;;;;;;;;x,,,,,
tb_culture_maroon_4;Maroon Watchtower;;;;;;;;;;;;;x,,,,,
ca_culture_maroon_1_desc;The Maroons are men who fight for the freedom of their Afro-southerner bretheren. Their deeds are known far and wide, and are a symbol of justice as a consequence.;;;;;;;;;;;;;x,,,,
,,,,,
ca_culture_redtail_1;Red-Tails Stables;;;;;;;;;;;;x,,,,,
ca_culture_redtail_2;Red-Tails Stables;;;;;;;;;;;;x,,,,,
ca_culture_redtail_3;Red-Tails Stables;;;;;;;;;;;;x,,,,,
ca_culture_redtail_4;Red-Tails Stables;;;;;;;;;;;;x,,,,,
tb_culture_redtail_1;Red-Tails Fields;;;;;;;;;;;;x,,,,,
tb_culture_redtail_2;Red-Tails Fields;;;;;;;;;;;;x,,,,,
tb_culture_redtail_3;Red-Tails Fields;;;;;;;;;;;;x,,,,,
tb_culture_redtail_4;Red-Tails Fields;;;;;;;;;;;;x,,,,,
ca_culture_redtail_1_desc;The Tuskegee Red-Tails are a group of cavalrymen adopting a name of an antediviludian unit who charge in the battlefield with extreme pride in their name and their strength.;;;;;;;;;;;;x,,,,,
,,,,,
ca_culture_melungeon_1;Melung'n Infantry Training Grounds;;;;;;;;;;;;x,,,,,
ca_culture_melungeon_2;Melung'n Infantry Training Grounds;;;;;;;;;;;;x,,,,,
ca_culture_melungeon_3;Melung'n Infantry Training Grounds;;;;;;;;;;;;x,,,,,
ca_culture_melungeon_4;Melung'n Infantry Training Grounds;;;;;;;;;;;;x,,,,,
tb_culture_melungeon_1;Melung'n Infantry Proving Grounds;;;;;;;;;;;;x,,,,,
tb_culture_melungeon_2;Melung'n Infantry Proving Grounds;;;;;;;;;;;;x,,,,,
tb_culture_melungeon_3;Melung'n Infantry Proving Grounds;;;;;;;;;;;;x,,,,,
tb_culture_melungeon_4;Melung'n Infantry Proving Grounds;;;;;;;;;;;;x,,,,,
ca_culture_melungeon_1_desc;The Melung'n Infantry are a special unit of their culture that specialize in defense, even in the most dire of times.;;;;;;;;;;;;x,,,,
,,,,,
ca_culture_dominion_1;Royal Mounties;;;;;;;;;;;;;x,,,,,
ca_culture_dominion_2;Royal Mounties;;;;;;;;;;;;;x,,,,,
ca_culture_dominion_3;Royal Mounties;;;;;;;;;;;;;x,,,,,
ca_culture_dominion_4;Royal Mounties;;;;;;;;;;;;;x,,,,,
ca_culture_dominion_1_desc;The Royal Mounties are men of the saddle and sword, being expert skirmishers and heavy cavalry. They uphold their ancient duty to protect the lands of Canada be enforcing law or fighting on the battlefield.;;;;;;;;;;;;;x,,,,
,,,,,
ca_culture_southron_1;Southron Cavalrymen;;;;;;;;;;;;;x,,,,,
ca_culture_southron_2;Southron Cavalrymen;;;;;;;;;;;;;x,,,,,
ca_culture_southron_3;Southron Cavalrymen;;;;;;;;;;;;;x,,,,,
ca_culture_southron_4;Southron Cavalrymen;;;;;;;;;;;;;x,,,,,
ca_culture_southron_1_desc;Southron Cavalrymen make use of their light cavalry in massive charges while harassing their foes with their gunpowder wielding units.;;;;;;;;;;;;;x,,,,,
,,,,,
ca_culture_crabber_1;Crabber Spearmen Piers;;;;;;;;;;;;;x,,,,,
ca_culture_crabber_2;Crabber Spearmen Piers;;;;;;;;;;;;;x,,,,,
ca_culture_crabber_3;Crabber Spearmen Piers;;;;;;;;;;;;;x,,,,,
ca_culture_crabber_4;Crabber Spearmen Piers;;;;;;;;;;;;;x,,,,,
tb_culture_crabber_1;Crabber Spearmen Docks;;;;;;;;;;;;;x,,,,,
tb_culture_crabber_2;Crabber Spearmen Docks;;;;;;;;;;;;;x,,,,,
tb_culture_crabber_3;Crabber Spearmen Docks;;;;;;;;;;;;;x,,,,,
tb_culture_crabber_4;Crabber Spearmen Docks;;;;;;;;;;;;;x,,,,,
ca_culture_crabber_1_desc;These spearmen of Crabber descent use their crab-fishing skills into battle, with their thrusting power from their hardy lifestyle.;;;;;;;;;;;;;x,,,,
,,,,,
ca_culture_southern_1;Southern Gallant Manors;;;;;;;;;;;;;x,,,,,
ca_culture_southern_2;Southern Gallant Manors;;;;;;;;;;;;;x,,,,,
ca_culture_southern_3;Southern Gallant Manors;;;;;;;;;;;;;x,,,,,
ca_culture_southern_4;Southern Gallant Manors;;;;;;;;;;;;;x,,,,,
tb_culture_southern_1;Southern Gallant Halls;;;;;;;;;;;;;x,,,,,
tb_culture_southern_2;Southern Gallant Halls;;;;;;;;;;;;;x,,,,,
tb_culture_southern_3;Southern Gallant Halls;;;;;;;;;;;;;x,,,,,
tb_culture_southern_4;Southern Gallant Halls;;;;;;;;;;;;;x,,,,,
ca_culture_southern_1_desc;The Southern Gallants are Southern people who have adpoted a tradition of chivalry and consequently have transformed into knights, travelling amongst the lands in elegant fashion. Still, this does not take away their marvelous military prowress.;;;;;;;;;;;;;x,,,
,,,,,
ca_culture_carolino_1;Carolino Pikemen Barracks;;;;;;;;;;;;;x,,,,,
ca_culture_carolino_2;Carolino Pikemen Barracks;;;;;;;;;;;;;x,,,,,
ca_culture_carolino_3;Carolino Pikemen Barracks;;;;;;;;;;;;;x,,,,,
ca_culture_carolino_4;Carolino Pikemen Barracks;;;;;;;;;;;;;x,,,,,
tb_culture_carolino_1;Carolino Pikemen Grounds;;;;;;;;;;;;;x,,,,,
tb_culture_carolino_2;Carolino Pikemen Grounds;;;;;;;;;;;;;x,,,,,
tb_culture_carolino_3;Carolino Pikemen Grounds;;;;;;;;;;;;;x,,,,,
tb_culture_carolino_4;Carolino Pikemen Grounds;;;;;;;;;;;;;x,,,,,
ca_culture_carolino_1_desc;The Carolino, ever since settling on the banks of Carolina, have adopted to their Anglo neighbors' tactics. With their pikes and bows, they clean up the battlefield.;;;;;;;;;;;;;x,,
,,,,,
ca_culture_wicker_1;Wicker Swordsmen Barracks;;;;;;;;;;;;x,,,,,
ca_culture_wicker_2;Wicker Swordsmen Barracks;;;;;;;;;;;;x,,,,,
ca_culture_wicker_3;Wicker Swordsmen Barracks;;;;;;;;;;;;x,,,,,
ca_culture_wicker_4;Wicker Swordsmen Barracks;;;;;;;;;;;;x,,,,,
ca_culture_wicker_1_desc;These barracks house the proud swordsmen of the Wicker. They break up the enemy armies with their unyielding spirit.;;;;;;;;;;;;x,,,,,
tb_culture_wicker_1;Wicker Swordsmen Proving Grounds;;;;;;;;;;;;x,,,,,
tb_culture_wicker_2;Wicker Swordsmen Proving Grounds;;;;;;;;;;;;x,,,,,
tb_culture_wicker_3;Wicker Swordsmen Proving Grounds;;;;;;;;;;;;x,,,,,
tb_culture_wicker_4;Wicker Swordsmen Proving Grounds;;;;;;;;;;;;x,,,,,
tb_culture_wicker_1_desc;These grounds house the proud swordsmen of the Wicker. They break up the enemy armies with their unyielding spirit.;;;;;;;;;;;;x,,,,,
,,,,,
ca_culture_connec_1;Nutmegger Foot Guards Smithery;;;;;;;;;;;;;x,,,,,
ca_culture_connec_1;Nutmegger Foot Guards Smithery;;;;;;;;;;;;;x,,,,,
ca_culture_connec_1;Nutmegger Foot Guards Smithery;;;;;;;;;;;;;x,,,,,
ca_culture_connec_1;Nutmegger Foot Guards Smithery;;;;;;;;;;;;;x,,,,,
ca_culture_connec_1_desc;The Foot Guards of Connecticut are the successors of the Governor's Guards serving as Mercenaries or local Lords and Merchants alike known by their Scarlet Coats and Shakos. They fight in pike formations with handgunner support.;;;;;;;;;;;;;x,,,,,
tb_culture_connec_1;Nutmegger Foot Guards Smithy;;;;;;;;;;;;;x,,,,,
tb_culture_connec_2;Nutmegger Foot Guards Smithy;;;;;;;;;;;;;x,,,,,
tb_culture_connec_3;Nutmegger Foot Guards Smithy;;;;;;;;;;;;;x,,,,,
tb_culture_connec_4;Nutmegger Foot Guards Smithy;;;;;;;;;;;;;x,,,,,
,,,,,
ca_culture_boston_1;National Lancers Stables;;;;;;;;;;;;;x,,,,,
ca_culture_boston_2;National Lancers Stables;;;;;;;;;;;;;x,,,,,
ca_culture_boston_3;National Lancers Stables;;;;;;;;;;;;;x,,,,,
ca_culture_boston_4;National Lancers Stables;;;;;;;;;;;;;x,,,,,
tb_culture_boston_1;National Lancers Fields;;;;;;;;;;;;;x,,,,,
tb_culture_boston_2;National Lancers Fields;;;;;;;;;;;;;x,,,,,
tb_culture_boston_3;National Lancers Fields;;;;;;;;;;;;;x,,,,,
tb_culture_boston_4;National Lancers Fields;;;;;;;;;;;;;x,,,,,
ca_culture_boston_1_desc;Massachusetts is home to the National Lancers, created as a cavalry militia ages ago which has fought in wars across the world. Their presence on the battlefield often gives morale to people of Massachusetts with their famed charges.;;;;;;;;;;;;;x,,,,
,,,,,
ca_culture_vermont_1;Green Mountaineer Armory;;;;;;;;;;;;;x,,,,,
ca_culture_vermont_2;Green Mountaineer Armory;;;;;;;;;;;;;x,,,,,
ca_culture_vermont_3;Green Mountaineer Armory;;;;;;;;;;;;;x,,,,,
ca_culture_vermont_4;Green Mountaineer Armory;;;;;;;;;;;;;x,,,,,
ca_culture_vermont_1_desc;These armories house Vyrmont's finest Green Mountaineers. The Green Mountaineers are an antediviludian unit with roots in Vyrmont, and these men seek to emulate the spirit of their forefathers.;;;;;;;;;;;;;x,,,,
tb_culture_vermont_1;Green Mountaineer Smithy;;;;;;;;;;;;;x,,,,,
tb_culture_vermont_2;Green Mountaineer Smithy;;;;;;;;;;;;;x,,,,,
tb_culture_vermont_3;Green Mountaineer Smithy;;;;;;;;;;;;;x,,,,,
tb_culture_vermont_4;Green Mountaineer Smithy;;;;;;;;;;;;;x,,,,,
tb_culture_vermont_1_desc;These smithies house Vyrmont's finest Green Mountaineers. The Green Mountaineers are an antediviludian unit with roots in Vyrmont, and these men seek to emulate the spirit of their forefathers.;;;;;;;;;;;;;x,,,,
,,,,,
ca_culture_albmonter_1;Albmonter Skirmisher Armory;;;;;;;;;;;;;x,,,,,
ca_culture_albmonter_2;Albmonter Skirmisher Armory;;;;;;;;;;;;;x,,,,,
ca_culture_albmonter_3;Albmonter Skirmisher Armory;;;;;;;;;;;;;x,,,,,
ca_culture_albmonter_4;Albmonter Skirmisher Armory;;;;;;;;;;;;;x,,,,,
ca_culture_albmonter_1_desc;These armories house the skirmishers of Albmoner heritage, guarding their lands from enemies in the horizon.;;;;;;;;;;;;;x,,,,
tb_culture_albmonter_1;Albmonter Skirmisher Fields;;;;;;;;;;;;;x,,,,,
tb_culture_albmonter_2;Albmonter Skirmisher Fields;;;;;;;;;;;;;x,,,,,
tb_culture_albmonter_3;Albmonter Skirmisher Fields;;;;;;;;;;;;;x,,,,,
tb_culture_albmonter_4;Albmonter Skirmisher Fields;;;;;;;;;;;;;x,,,,,
tb_culture_albmonter_1_desc;These fields house the skirmishers of Albmoner heritage, guarding their lands from enemies in the horizon.;;;;;;;;;;;;;x,,,,
,,,,,
ca_culture_mainer_1;Mainer Guardsmen Barracks;;;;;;;;;;;;;x,,,,,
ca_culture_mainer_2;Mainer Guardsmen Barracks;;;;;;;;;;;;;x,,,,,
ca_culture_mainer_3;Mainer Guardsmen Barracks;;;;;;;;;;;;;x,,,,,
ca_culture_mainer_4;Mainer Guardsmen Barracks;;;;;;;;;;;;;x,,,,,
ca_culture_mainer_1_desc;These barracks house the guardsmen who keep the peace in Maine. They are trained men who know the in and outs of their land, and can therefore assume any position against enemies with ease.;;;;;;;;;;;;;x,,,,
ca_fog_wardens_1;Fog Wardens;;;;;;;;;;;;;x,,,,,
ca_fog_wardens_1_desc;These pre-Event lighthouses have been converted into outposts housing many soldiers and watchmen. They endlessly watch over the ocean before them, both to look out for danger and to guard those who venture out to fish and whale.;;;;;;;;;;;;;x,,,,
tb_fog_wardens_1;Fog Wardens;;;;;;;;;;;;;x,,,,,
tb_fog_wardens_1_desc;These pre-Event lighthouses have been converted into outposts housing many soldiers and watchmen. They endlessly watch over the ocean before them, both to look out for danger and to guard those who venture out to fish and whale.;;;;;;;;;;;;;x,,,,
tb_culture_mainer_1;Mainer Guardsmen Proving Grounds;;;;;;;;;;;;;x,,,,,
tb_culture_mainer_2;Mainer Guardsmen Proving Grounds;;;;;;;;;;;;;x,,,,,
tb_culture_mainer_3;Mainer Guardsmen Proving Grounds;;;;;;;;;;;;;x,,,,,
tb_culture_mainer_4;Mainer Guardsmen Proving Grounds;;;;;;;;;;;;;x,,,,,
tb_culture_mainer_1_desc;These grounds house the guardsmen who keep the peace in Maine. They are trained men who know the in and outs of their land, and can therefore assume any position against enemies with ease.;;;;;;;;;;;;;x,,,,
,,,,,
ca_culture_goldengater_1;Goldengater Mariner Ports;;;;;;;;;;;;;x,,,,,
ca_culture_goldengater_2;Goldengater Mariner Ports;;;;;;;;;;;;;x,,,,,
ca_culture_goldengater_3;Goldengater Mariner Ports;;;;;;;;;;;;;x,,,,,
ca_culture_goldengater_4;Goldengater Mariner Ports;;;;;;;;;;;;;x,,,,,
tb_culture_goldengater_1;Goldengater Mariner Docks;;;;;;;;;;;;;x,,,,,
tb_culture_goldengater_2;Goldengater Mariner Docks;;;;;;;;;;;;;x,,,,,
tb_culture_goldengater_3;Goldengater Mariner Docks;;;;;;;;;;;;;x,,,,,
tb_culture_goldengater_4;Goldengater Mariner Docks;;;;;;;;;;;;;x,,,,,
ca_culture_goldengater_1_desc;The Goldengater Mariners are fishermen drafted for serving the force. Their hardy attitude bleeds over to the battlefield, unbreaking against any wave.;;;;;;;;;;;;;x,,,,,
,,,,,
ca_culture_valleyan_1;Valleyan Rancher Stables;;;;;;;;;;;;;x,,,,,
ca_culture_valleyan_2;Valleyan Rancher Stables;;;;;;;;;;;;;x,,,,,
ca_culture_valleyan_3;Valleyan Rancher Stables;;;;;;;;;;;;;x,,,,,
ca_culture_valleyan_4;Valleyan Rancher Stables;;;;;;;;;;;;;x,,,,,
tb_culture_valleyan_1;Valleyan Rancher Fields;;;;;;;;;;;;;x,,,,,
tb_culture_valleyan_2;Valleyan Rancher Fields;;;;;;;;;;;;;x,,,,,
tb_culture_valleyan_3;Valleyan Rancher Fields;;;;;;;;;;;;;x,,,,,
tb_culture_valleyan_4;Valleyan Rancher Fields;;;;;;;;;;;;;x,,,,,
ca_culture_valleyan_1_desc;The Valleyan Ranchers are frontiersmen who alert enemy positions to their allies. Do not be fooled by their job however, as they can become the responding force instead.;;;;;;;;;;;;;x,,,,,
,,,,,
ca_culture_siliconite_1;Siliconite Guardsmen Armory;;;;;;;;;;;;;x,,,,,
ca_culture_siliconite_2;Siliconite Guardsmen Armory;;;;;;;;;;;;;x,,,,,
ca_culture_siliconite_3;Siliconite Guardsmen Armory;;;;;;;;;;;;;x,,,,,
ca_culture_siliconite_4;Siliconite Guardsmen Armory;;;;;;;;;;;;;x,,,,,
tb_culture_siliconite_1;Siliconite Guardsmen Grounds;;;;;;;;;;;;;x,,,,,
tb_culture_siliconite_2;Siliconite Guardsmen Grounds;;;;;;;;;;;;;x,,,,,
tb_culture_siliconite_3;Siliconite Guardsmen Grounds;;;;;;;;;;;;;x,,,,,
tb_culture_siliconite_4;Siliconite Guardsmen Grounds;;;;;;;;;;;;;x,,,,,
ca_culture_siliconite_1_desc;The Siliconite Guardsmen are heavily armored men who march around their respective realm. Unmovable in defense, they are sometimes compared to forts in their defensive prowress.;;;;;;;;;;;;;x,,,,,
,,,,,
ca_culture_winelander_1;Winelander Infantry Barracks;;;;;;;;;;;;;x,,,,,
ca_culture_winelander_2;Winelander Infantry Barracks;;;;;;;;;;;;;x,,,,,
ca_culture_winelander_3;Winelander Infantry Barracks;;;;;;;;;;;;;x,,,,,
ca_culture_winelander_4;Winelander Infantry Barracks;;;;;;;;;;;;;x,,,,,
tb_culture_winelander_1;Winelander Infantry Halls;;;;;;;;;;;;;x,,,,,
tb_culture_winelander_2;Winelander Infantry Halls;;;;;;;;;;;;;x,,,,,
tb_culture_winelander_3;Winelander Infantry Halls;;;;;;;;;;;;;x,,,,,
tb_culture_winelander_4;Winelander Infantry Halls;;;;;;;;;;;;;x,,,,,
ca_culture_winelander_1_desc;The Winelander Infantry are renowned for their rage-filled attacks. Smart leaders do not engage against them, lest they face their wrath.;;;;;;;;;;;;;x,,,,,
,,,,,
ca_culture_jeffersonian_1;[Root.Culture.GetName] Forest Ranger Station;;;;;;;;;;;;;x,,,,,
ca_culture_jeffersonian_2;[Root.Culture.GetName] Forest Ranger Station;;;;;;;;;;;;;x,,,,,
ca_culture_jeffersonian_3;[Root.Culture.GetName] Forest Ranger Station;;;;;;;;;;;;;x,,,,,
ca_culture_jeffersonian_4;[Root.Culture.GetName] Forest Ranger Station;;;;;;;;;;;;;x,,,,,
tb_culture_jeffersonian_1;[Root.Culture.GetName] Forest Ranger Shack;;;;;;;;;;;;;x,,,,,
tb_culture_jeffersonian_2;[Root.Culture.GetName] Forest Ranger Shack;;;;;;;;;;;;;x,,,,,
tb_culture_jeffersonian_3;[Root.Culture.GetName] Forest Ranger Shack;;;;;;;;;;;;;x,,,,,
tb_culture_jeffersonian_4;[Root.Culture.GetName] Forest Ranger Shack;;;;;;;;;;;;;x,,,,,
ca_culture_jeffersonian_1_desc;The Forest Rangers of Jefferson have served the forests ever since before the Event. Agile and sneaky, they clear out any miscreant that tries to defile their sacred groves.;;;;;;;;;;;;;x,,,,,
,,,,,
ca_culture_zouave_lui_1;Louisiana Tigers;;;;;;;;;;;;;x,,,,,
ca_culture_zouave_lui_2;Louisiana Tigers;;;;;;;;;;;;;x,,,,,
ca_culture_zouave_lui_3;Louisiana Tigers;;;;;;;;;;;;;x,,,,,
ca_culture_zouave_lui_4;Louisiana Tigers;;;;;;;;;;;;;x,,,,,
ca_culture_zouave_lui_1_desc;Louisiana Tigers are similar to the Zouaves of the Mississipian Empire, yet are said to have existed ages before the Empire came to be. They fight with guerrilla tactics against their opponents, with few even having access to texan firearms.;;;;;;;;;;;;;x,,,
,,,,,
ca_culture_zouave_missi_1;Chicago Zouaves;;;;;;;;;;;;;x,,,,,
ca_culture_zouave_missi_2;Chicago Zouaves;;;;;;;;;;;;;x,,,,,
ca_culture_zouave_missi_3;Chicago Zouaves;;;;;;;;;;;;;x,,,,,
ca_culture_zouave_missi_1;Chicago Zouaves;;;;;;;;;;;;;x,,,,,
ca_culture_zouave_missi_1_desc;The Zouaves of Chicago are an unique sight in the Northern Mississippi, wearing red felt hats and chasseur trousers. Their renown comes from their combat prowess, fast movement, and exceptional marksmanship. This has lead to Zouaves becoming widespread trough out the Mississippi.;;;;;;;;;;;;;x,,
,,,,,
ca_culture_hudsunite_1;Hudsunite Infantry Barracks;;;;;;;;;;;;;x,,,,,
ca_culture_hudsunite_2;Hudsunite Infantry Barracks;;;;;;;;;;;;;x,,,,,
ca_culture_hudsunite_3;Hudsunite Infantry Barracks;;;;;;;;;;;;;x,,,,,
ca_culture_hudsunite_4;Hudsunite Infantry Barracks;;;;;;;;;;;;;x,,,,,
ca_culture_hudsunite_1_desc;These barracks train the proud infantry born from the banks of the Hudson River. These men specialize in both offense and defense, giving their enemies shock.;;;;;;;;;;;;;x,,,,
tb_culture_hudsunite_1;Hudsunite Infantry Shacks;;;;;;;;;;;;;x,,,,,
tb_culture_hudsunite_2;Hudsunite Infantry Shacks;;;;;;;;;;;;;x,,,,,
tb_culture_hudsunite_3;Hudsunite Infantry Shacks;;;;;;;;;;;;;x,,,,,
tb_culture_hudsunite_4;Hudsunite Infantry Shacks;;;;;;;;;;;;;x,,,,,
tb_culture_hudsunite_1_desc;These shacks train the proud infantry born from the banks of the Hudson River. These men specialize in both offense and defense, giving their enemies shock.;;;;;;;;;;;;;x,,,,
,,,,,
ca_culture_catskiller_1;Catskiller Archer Range;;;;;;;;;;;;;x,,,,,
ca_culture_catskiller_2;Catskiller Archer Range;;;;;;;;;;;;;x,,,,,
ca_culture_catskiller_3;Catskiller Archer Range;;;;;;;;;;;;;x,,,,,
ca_culture_catskiller_4;Catskiller Archer Range;;;;;;;;;;;;;x,,,,,
ca_culture_catskiller_1_desc;These ranges train the archers of the Catskiller, who hail down their flurry of arrows with relative ease.;;;;;;;;;;;;;x,,,,
tb_culture_catskiller_1;Catskiller Archer Grounds;;;;;;;;;;;;;x,,,,,
tb_culture_catskiller_2;Catskiller Archer Grounds;;;;;;;;;;;;;x,,,,,
tb_culture_catskiller_3;Catskiller Archer Grounds;;;;;;;;;;;;;x,,,,,
tb_culture_catskiller_4;Catskiller Archer Grounds;;;;;;;;;;;;;x,,,,,
tb_culture_catskiller_1_desc;These grounds train the archers of the Catskiller, who hail down their flurry of arrows with relative ease.;;;;;;;;;;;;;x,,,,
,,,,,
ca_culture_finger_laker_1;Fingerlaiker Skirmisher Drillhouse;;;;;;;;;;;;;x,,,,,
ca_culture_finger_laker_2;Fingerlaiker Skirmisher Drillhouse;;;;;;;;;;;;;x,,,,,
ca_culture_finger_laker_3;Fingerlaiker Skirmisher Drillhouse;;;;;;;;;;;;;x,,,,,
ca_culture_finger_laker_4;Fingerlaiker Skirmisher Drillhouse;;;;;;;;;;;;;x,,,,,
ca_culture_finger_laker_1_desc;These houses drill the skirmishers of the Fingerlaiker. They guard the frontiers of the realm, keeping off any straglers who dare come near.;;;;;;;;;;;;;x,,,,
tb_culture_finger_laker_1;Fingerlaiker Skirmisher Proving Grounds;;;;;;;;;;;;;x,,,,,
tb_culture_finger_laker_2;Fingerlaiker Skirmisher Proving Grounds;;;;;;;;;;;;;x,,,,,
tb_culture_finger_laker_3;Fingerlaiker Skirmisher Proving Grounds;;;;;;;;;;;;;x,,,,,
tb_culture_finger_laker_4;Fingerlaiker Skirmisher Proving Grounds;;;;;;;;;;;;;x,,,,,
tb_culture_finger_laker_1_desc;These grounds drill the skirmishers of the Fingerlaiker. They guard the frontiers of the realm, keeping off any straglers who dare come near.;;;;;;;;;;;;;x,,,,
,,,,,
ca_culture_associators_1;Associator Hall;;;;;;;;;;;;;x,,,,,
ca_culture_associators_2;Associator Hall;;;;;;;;;;;;;x,,,,,
ca_culture_associators_3;Associator Hall;;;;;;;;;;;;;x,,,,,
ca_culture_associators_4;Associator Hall;;;;;;;;;;;;;x,,,,,
tb_culture_associators_1;Associator Meeting Grounds;;;;;;;;;;;;;x,,,,,
tb_culture_associators_2;Associator Meeting Grounds;;;;;;;;;;;;;x,,,,,
tb_culture_associators_3;Associator Meeting Grounds;;;;;;;;;;;;;x,,,,,
tb_culture_associators_4;Associator Meeting Grounds;;;;;;;;;;;;;x,,,,,
ca_culture_associators_1_desc;The Associators are a antediviludian group of Pennsylvanians who were volunteer militias who fought for Old America. Today, these men are of the same volunteer nature, helping whoever needs aid.;;;;;;;;;;;;;x,,,
,,,,,
ca_culture_gaoshan_1;Gaoshan Crossbow Range;;;;;;;;;;;;;x,,,,,
ca_culture_gaoshan_2;Gaoshan Crossbow Range;;;;;;;;;;;;;x,,,,,
ca_culture_gaoshan_3;Gaoshan Crossbow Range;;;;;;;;;;;;;x,,,,,
ca_culture_gaoshan_4;Gaoshan Crossbow Range;;;;;;;;;;;;;x,,,,,
ca_culture_gaoshan_1_desc;The Crossbowmen of Gaoshan are one of the best skirmishers the East Coast has to offer, having exceptional training from an early age and knowledge of their homeland.;;;;;;;;;;;;;x,,,,
,,,,,
ca_culture_angcarib_1;Merikin Barracks;;;;;;;;;;;;;x,,,,,
ca_culture_angcarib_2;Merikin Barracks;;;;;;;;;;;;;x,,,,,
ca_culture_angcarib_3;Merikin Barracks;;;;;;;;;;;;;x,,,,,
ca_culture_angcarib_4;Merikin Barracks;;;;;;;;;;;;;x,,,,,
ca_culture_angcarib_1_desc;These Barracks house the Merikins, warriors who claim descent from freedmen of the North American continent who fought for an Empire in which the Sun never set.;;;;;;;;;;;;;x,,,,
,,,,,
ca_culture_group_north_germanic_1_desc;Lake Superior is home to the Hockey Axemen, cladding themselves heavy armor and wielding unique axes which are told to have been used for generations in combat and sports.;;;;;;;;;x,,,,
ca_culture_group_north_germanic_1;Hockey Axemen Barracks;;;;;;;;;;;;;x,,,,,
ca_culture_group_north_germanic_2;Hockey Axemen Barracks;;;;;;;;;;;;;x,,,,,
ca_culture_group_north_germanic_3;Hockey Axemen Barracks;;;;;;;;;;;;;x,,,,,
ca_culture_group_north_germanic_4;Hockey Axemen Barracks;;;;;;;;;;;;;x,,,,,
tb_culture_group_north_germanic_1;Hockey Axemen Camp;;;;;;;;;;;;;x,,,,,
tb_culture_group_north_germanic_2;Hockey Axemen Camp;;;;;;;;;;;;;x,,,,,
tb_culture_group_north_germanic_3;Hockey Axemen Camp;;;;;;;;;;;;;x,,,,,
tb_culture_group_north_germanic_4;Hockey Axemen Camp;;;;;;;;;;;;;x,,,,,
,,,,,
ca_culture_albertan_1;Albertan Infantry Barracks;;;;;;;;;;;;;x,,,,,
ca_culture_albertan_2;Albertan Infantry Barracks;;;;;;;;;;;;;x,,,,,
ca_culture_albertan_3;Albertan Infantry Barracks;;;;;;;;;;;;;x,,,,,
ca_culture_albertan_4;Albertan Infantry Barracks;;;;;;;;;;;;;x,,,,,
tb_culture_albertan_1;Albertan Infantry Camp;;;;;;;;;;;;;x,,,,,
tb_culture_albertan_2;Albertan Infantry Camp;;;;;;;;;;;;;x,,,,,
tb_culture_albertan_3;Albertan Infantry Camp;;;;;;;;;;;;;x,,,,,
tb_culture_albertan_4;Albertan Infantry Camp;;;;;;;;;;;;;x,,,,,
ca_culture_albertan_1_desc;The Albertan Infantry are men who defend the realms of Alberta with pride. Their excellent defence makes them perfect walls against any enemy at the gates.;;;;;;;;;;;;;x,,,,,
,,,,,
ca_culture_flatlander_1;Flatlander Cavalrymen Stables;;;;;;;;;;;;;x,,,,,
ca_culture_flatlander_2;Flatlander Cavalrymen Stables;;;;;;;;;;;;;x,,,,,
ca_culture_flatlander_3;Flatlander Cavalrymen Stables;;;;;;;;;;;;;x,,,,,
ca_culture_flatlander_4;Flatlander Cavalrymen Stables;;;;;;;;;;;;;x,,,,,
tb_culture_flatlander_1;Flatlander Cavalrymen Fields;;;;;;;;;;;;;x,,,,,
tb_culture_flatlander_2;Flatlander Cavalrymen Fields;;;;;;;;;;;;;x,,,,,
tb_culture_flatlander_3;Flatlander Cavalrymen Fields;;;;;;;;;;;;;x,,,,,
tb_culture_flatlander_4;Flatlander Cavalrymen Fields;;;;;;;;;;;;;x,,,,,
ca_culture_flatlander_1_desc;The Flatlander Cavalrymen are horsemen who ride towards the praries with high spirits and vicious offense. With their camaraderie towards each other, they fight side by side with unbreaking resolve.;;;;;;;;;;;;;x,,,,,
,,,,,
ca_culture_yupi_1;Jaakeri Range;;;;;;;;;;;;;x,,,,,
ca_culture_yupi_2;Jaakeri Range;;;;;;;;;;;;;x,,,,,
ca_culture_yupi_3;Jaakeri Range;;;;;;;;;;;;;x,,,,,
ca_culture_yupi_4;Jaakeri Range;;;;;;;;;;;;;x,,,,,
tb_culture_yupi_1;Jaakeri Camp;;;;;;;;;;;;;x,,,,,
tb_culture_yupi_2;Jaakeri Camp;;;;;;;;;;;;;x,,,,,
tb_culture_yupi_3;Jaakeri Camp;;;;;;;;;;;;;x,,,,,
tb_culture_yupi_4;Jaakeri Camp;;;;;;;;;;;;;x,,,,,
ca_culture_yupi_1_desc;The Jaakeri are a notable ranger unit. With knowledge of the forest in the back of their palms, they effortlessly hunt down their adversaries.;;;;;;;;;;;;;x,,,,
,,,,,
ca_culture_usa_camel_1;Southwestern Camelry;;;;;;;;;;;;;x,,,,,
ca_culture_usa_camel_2;Southwestern Camelry;;;;;;;;;;;;;x,,,,,
ca_culture_usa_camel_2;Southwestern Camelry;;;;;;;;;;;;;x,,,,,
ca_culture_usa_camel_4;Southwestern Camelry;;;;;;;;;;;;;x,,,,,
tb_culture_usa_camel_1;Southwestern Camelry;;;;;;;;;;;;;x,,,,,
tb_culture_usa_camel_2;Southwestern Camelry;;;;;;;;;;;;;x,,,,,
tb_culture_usa_camel_3;Southwestern Camelry;;;;;;;;;;;;;x,,,,,
tb_culture_usa_camel_4;Southwestern Camelry;;;;;;;;;;;;;x,,,,,
ca_culture_usa_camel_1_desc;Camelry is an unique phenomenon among the people of the Southwest," with tales told of a far away land called ""Africa"" where their ancestors brought them from. Camels have become the most widely used mounts in these regions thanks to their adaption to the climate and large population thanks to wild populations and breeding.;;;;;;;;;;;;;x",,,,
,,,,,
ca_culture_east_texas_1;Texan Gunslingers;;;;;;;;;;;;;x,,,,,
ca_culture_east_texas_2;Texan Gunslingers;;;;;;;;;;;;;x,,,,,
ca_culture_east_texas_3;Texan Gunslingers;;;;;;;;;;;;;x,,,,,
ca_culture_east_texas_4;Texan Gunslingers;;;;;;;;;;;;;x,,,,,
ca_culture_east_texas_1_desc;Texan Gunslingers are one of the few men left who continue the use of gunpowder. Their use of roughly made firearms has made them legendary among tribals, nomads and settled peoples alike in the lands of the Old West.;;;;;;;;;;;;;x,,,,
,,,,,
tb_culture_newfie_1;Newfie Archer Shacks;;;;;;;;;;;;x,,,,,
tb_culture_newfie_2;Newfie Archer Shacks;;;;;;;;;;;;x,,,,,
tb_culture_newfie_3;Newfie Archer Shacks;;;;;;;;;;;;x,,,,,
tb_culture_newfie_4;Newfie Archer Shacks;;;;;;;;;;;;x,,,,,
tb_culture_newfie_1_desc;These shacks house archers hardened by The Rock. Their long-standing tradition of using the longbow gives them an edge on the skill of archery.;;;;;;;;;;;;x,,,,,
ca_culture_newfie_1;Newfie Archer Range;;;;;;;;;;;;x,,,,,
ca_culture_newfie_2;Newfie Archer Range;;;;;;;;;;;;x,,,,,
ca_culture_newfie_3;Newfie Archer Range;;;;;;;;;;;;x,,,,,
ca_culture_newfie_4;Newfie Archer Range;;;;;;;;;;;;x,,,,,
ca_culture_newfie_1_desc;These ranges house archers hardened by The Rock. Their long-standing tradition of using the longbow gives them an edge on the skill of archery.;;;;;;;;;;;;x,,,,,
,,,,,
ca_culture_michif_1;Michif Skirmisher Barracks;;;;;;;;;;;;x,,,,,
ca_culture_michif_2;Michif Skirmisher Barracks;;;;;;;;;;;;x,,,,,
ca_culture_michif_3;Michif Skirmisher Barracks;;;;;;;;;;;;x,,,,,
ca_culture_michif_4;Michif Skirmisher Barracks;;;;;;;;;;;;x,,,,,
tb_culture_michif_1;Michif Skirmisher Grounds;;;;;;;;;;;;x,,,,,
tb_culture_michif_2;Michif Skirmisher Grounds;;;;;;;;;;;;x,,,,,
tb_culture_michif_3;Michif Skirmisher Grounds;;;;;;;;;;;;x,,,,,
tb_culture_michif_4;Michif Skirmisher Grounds;;;;;;;;;;;;x,,,,,
ca_culture_michif_1_desc;The Michif Skirmishers are soldiers with methods of defense drilled into their very soul. They defend their realm from any threat, whether hail or sun.;;;;;;;;;;;;x,,,,,
,,,,,
ca_culture_mikmaq_1;Mi'kmaq Spearmen Barracks;;;;;;;;;;;;x,,,,,
ca_culture_mikmaq_2;Mi'kmaq Spearmen Barracks;;;;;;;;;;;;x,,,,,
ca_culture_mikmaq_3;Mi'kmaq Spearmen Barracks;;;;;;;;;;;;x,,,,,
ca_culture_mikmaq_4;Mi'kmaq Spearmen Barracks;;;;;;;;;;;;x,,,,,
ca_culture_mikmaq_1_desc;These barracks house the proud spearmen of the Mi'kmaq. They use their nets from their peacetime fishing to catch the enemy's foot, then pull the net towards them for an easy kill.;;;;;;;;;;;;x,,,,
tb_culture_mikmaq_1;Mi'kmaq Spearmen Tents;;;;;;;;;;;;x,,,,,
tb_culture_mikmaq_2;Mi'kmaq Spearmen Tents;;;;;;;;;;;;x,,,,,
tb_culture_mikmaq_3;Mi'kmaq Spearmen Tents;;;;;;;;;;;;x,,,,,
tb_culture_mikmaq_4;Mi'kmaq Spearmen Tents;;;;;;;;;;;;x,,,,,
tb_culture_mikmaq_1_desc;These tents house the proud spearmen of the Mi'kmaq. They use their nets from their peacetime fishing to catch the enemy's foot, then pull the net towards them for an easy kill.;;;;;;;;;;;;x,,,,
,,,,,
tb_culture_penobscot_1;Panawahpskewi Archer Grounds;;;;;;;;;;;;x,,,,,
tb_culture_penobscot_2;Panawahpskewi Archer Grounds;;;;;;;;;;;;x,,,,,
tb_culture_penobscot_3;Panawahpskewi Archer Grounds;;;;;;;;;;;;x,,,,,
tb_culture_penobscot_4;Panawahpskewi Archer Grounds;;;;;;;;;;;;x,,,,,
tb_culture_penobscot_1_desc;These grounds house archers hailing from the Panawahspkewi. Using their unique bows, they hail death down their enemies.;;;;;;;;;;;;x,,,,
ca_culture_penobscot_1;Panawahpskewi Archer Range;;;;;;;;;;;;x,,,,,
ca_culture_penobscot_2;Panawahpskewi Archer Range;;;;;;;;;;;;x,,,,,
ca_culture_penobscot_3;Panawahpskewi Archer Range;;;;;;;;;;;;x,,,,,
ca_culture_penobscot_4;Panawahpskewi Archer Range;;;;;;;;;;;;x,,,,,
ca_culture_penobscot_1_desc;These ranges house archers hailing from the Panawahspkewi. Using their unique bows, they hail death down their enemies.;;;;;;;;;;;;x,,,,
,,,,,
ca_culture_wampanoag_1;Wopanaak Whaler Ports;;;;;;;;;;;;x,,,,,
ca_culture_wampanoag_2;Wopanaak Whaler Ports;;;;;;;;;;;;x,,,,,
ca_culture_wampanoag_3;Wopanaak Whaler Ports;;;;;;;;;;;;x,,,,,
ca_culture_wampanoag_4;Wopanaak Whaler Ports;;;;;;;;;;;;x,,,,,
ca_culture_wampanoag_1_desc;These ports give shelter to the esteemed whalers of the Wopanaak. Using their skills in whaling, they skewer their opponents with the same force as against a whale.;;;;;;;;;;;;x,,,,
tb_culture_wampanoag_1;Wopanaak Whaler Docks;;;;;;;;;;;;x,,,,,
tb_culture_wampanoag_2;Wopanaak Whaler Docks;;;;;;;;;;;;x,,,,,
tb_culture_wampanoag_3;Wopanaak Whaler Docks;;;;;;;;;;;;x,,,,,
tb_culture_wampanoag_4;Wopanaak Whaler Docks;;;;;;;;;;;;x,,,,,
tb_culture_wampanoag_1_desc;These docks give shelter to the esteemed whalers of the Wopanaak. Using their skills in whaling, they skewer their opponents with the same force as against a whale.;;;;;;;;;;;;x,,,,
,,,,,
ca_culture_mohican_1;Muhhekunneuw Axemen Armory;;;;;;;;;;;;x,,,,,
ca_culture_mohican_2;Muhhekunneuw Axemen Armory;;;;;;;;;;;;x,,,,,
ca_culture_mohican_3;Muhhekunneuw Axemen Armory;;;;;;;;;;;;x,,,,,
ca_culture_mohican_4;Muhhekunneuw Axemen Armory;;;;;;;;;;;;x,,,,,
ca_culture_mohican_1_desc;These armories house the Muhhekunneuw men who wield their axes to battle, with no fear in their eyes.;;;;;;;;;;;;x,,,,
tb_culture_mohican_1;Muhhekunneuw Axemen Smithery;;;;;;;;;;;;x,,,,,
tb_culture_mohican_2;Muhhekunneuw Axemen Smithery;;;;;;;;;;;;x,,,,,
tb_culture_mohican_3;Muhhekunneuw Axemen Smithery;;;;;;;;;;;;x,,,,,
tb_culture_mohican_4;Muhhekunneuw Axemen Smithery;;;;;;;;;;;;x,,,,,
tb_culture_mohican_1_desc;These smitheries house the Muhhekunneuw men who wield their axes to battle, with no fear in their eyes.;;;;;;;;;;;;x,,,,
,,,,,
ca_culture_lenape_1;Lenape Hunter Tents;;;;;;;;;;;;x,,,,,
ca_culture_lenape_2;Lenape Hunter Tents;;;;;;;;;;;;x,,,,,
ca_culture_lenape_3;Lenape Hunter Tents;;;;;;;;;;;;x,,,,,
ca_culture_lenape_4;Lenape Hunter Tents;;;;;;;;;;;;x,,,,,
ca_culture_lenape_1_desc;These tents house the ferocious hunters of the Lenape. Their aggresive approach to hunt prey bleeds into their battle tactics.;;;;;;;;;;;;x,,,,,
tb_culture_lenape_1;Lenape Hunter Grounds;;;;;;;;;;;;x,,,,,
tb_culture_lenape_2;Lenape Hunter Grounds;;;;;;;;;;;;x,,,,,
tb_culture_lenape_3;Lenape Hunter Grounds;;;;;;;;;;;;x,,,,,
tb_culture_lenape_4;Lenape Hunter Grounds;;;;;;;;;;;;x,,,,,
tb_culture_lenape_1_desc;These grounds house the ferocious hunters of the Lenape. Their aggresive approach to hunt prey bleeds into their battle tactics.;;;;;;;;;;;;x,,,,,
,,,,,
ca_culture_haudenosaunee_1;Haudenosaunee Warrior Barracks;;;;;;;;;;;;x,,,,,
ca_culture_haudenosaunee_2;Haudenosaunee Warrior Barracks;;;;;;;;;;;;x,,,,,
ca_culture_haudenosaunee_3;Haudenosaunee Warrior Barracks;;;;;;;;;;;;x,,,,,
ca_culture_haudenosaunee_4;Haudenosaunee Warrior Barracks;;;;;;;;;;;;x,,,,,
tb_culture_haudenosaunee_1;Haudenosaunee Warrior Proving Grounds;;;;;;;;;;;;x,,,,,
tb_culture_haudenosaunee_2;Haudenosaunee Warrior Proving Grounds;;;;;;;;;;;;x,,,,,
tb_culture_haudenosaunee_3;Haudenosaunee Warrior Proving Grounds;;;;;;;;;;;;x,,,,,
tb_culture_haudenosaunee_4;Haudenosaunee Warrior Proving Grounds;;;;;;;;;;;;x,,,,,
ca_culture_haudenosaunee_1_desc;The proud warriors of the Haudenosaunee have been wielding their weapons since antediviludian times, stopping when Old America forced them to surrender their weapons. After the Event, these men have equipped their weapons once more, striking fear into their adversaries.;;;;;;;;;;;;x,,
,,,,,
ca_culture_cree_1;Cree Skirmisher Drillhouse;;;;;;;;;;;;x,,,,,
ca_culture_cree_2;Cree Skirmisher Drillhouse;;;;;;;;;;;;x,,,,,
ca_culture_cree_3;Cree Skirmisher Drillhouse;;;;;;;;;;;;x,,,,,
ca_culture_cree_4;Cree Skirmisher Drillhouse;;;;;;;;;;;;x,,,,,
ca_culture_cree_1_desc;These houses drill the hardy Cree skirmishers. Using their pesistence, they outrun and outlast their opponents.;;;;;;;;;;;;x,,,,
tb_culture_cree_1;Cree Skirmisher Tents;;;;;;;;;;;;x,,,,,
tb_culture_cree_2;Cree Skirmisher Tents;;;;;;;;;;;;x,,,,,
tb_culture_cree_3;Cree Skirmisher Tents;;;;;;;;;;;;x,,,,,
tb_culture_cree_4;Cree Skirmisher Tents;;;;;;;;;;;;x,,,,,
tb_culture_cree_1_desc;These tents drill the hardy Cree skirmishers. Using their pesistence, they outrun and outlast their opponents.;;;;;;;;;;;;x,,,,
,,,,,
ca_culture_ojibwe_1;Ojibwe Hunter Lodge;;;;;;;;;;;;x,,,,,
ca_culture_ojibwe_2;Ojibwe Hunter Lodge;;;;;;;;;;;;x,,,,,
ca_culture_ojibwe_3;Ojibwe Hunter Lodge;;;;;;;;;;;;x,,,,,
ca_culture_ojibwe_4;Ojibwe Hunter Lodge;;;;;;;;;;;;x,,,,,
tb_culture_ojibwe_1;Ojibwe Hunter Tents;;;;;;;;;;;;x,,,,,
tb_culture_ojibwe_2;Ojibwe Hunter Tents;;;;;;;;;;;;x,,,,,
tb_culture_ojibwe_3;Ojibwe Hunter Tents;;;;;;;;;;;;x,,,,,
tb_culture_ojibwe_4;Ojibwe Hunter Tents;;;;;;;;;;;;x,,,,,
ca_culture_ojibwe_1_desc;The Ojibwe Hunters are artic archers who possesses more will than their enemy due to the harsh conditions of their hunting grounds. Patience and persistence gives them an edge against their adversaries.;;;;;;;;;;;;x,,,,,
,,,,,
ca_culture_siouan_1;Sioux Lancer Stables;;;;;;;;;;;;x,,,,,
ca_culture_siouan_2;Sioux Lancer Stables;;;;;;;;;;;;x,,,,,
ca_culture_siouan_3;Sioux Lancer Stables;;;;;;;;;;;;x,,,,,
ca_culture_siouan_4;Sioux Lancer Stables;;;;;;;;;;;;x,,,,,
tb_culture_siouan_1;Sioux Lancer Fields;;;;;;;;;;;;x,,,,,
tb_culture_siouan_2;Sioux Lancer Fields;;;;;;;;;;;;x,,,,,
tb_culture_siouan_3;Sioux Lancer Fields;;;;;;;;;;;;x,,,,,
tb_culture_siouan_4;Sioux Lancer Fields;;;;;;;;;;;;x,,,,,
ca_culture_siouan_1_desc;The lancers of the Sioux boast their magnificent lances in battle, crashing against any who dare be in their path.;;;;;;;;;;;;x,,,,
,,,,,
ca_culture_crow_1;Apsalooke Scout Stables;;;;;;;;;;;;x,,,,,
ca_culture_crow_2;Apsalooke Scout Stables;;;;;;;;;;;;x,,,,,
ca_culture_crow_3;Apsalooke Scout Stables;;;;;;;;;;;;x,,,,,
ca_culture_crow_4;Apsalooke Scout Stables;;;;;;;;;;;;x,,,,,
tb_culture_crow_1;Apsalooke Scout Fields;;;;;;;;;;;;x,,,,,
tb_culture_crow_2;Apsalooke Scout Fields;;;;;;;;;;;;x,,,,,
tb_culture_crow_3;Apsalooke Scout Fields;;;;;;;;;;;;x,,,,,
tb_culture_crow_4;Apsalooke Scout Fields;;;;;;;;;;;;x,,,,,
ca_culture_crow_1_desc;The Apsalooke Scouts have served their people even before the dreaded Event. Nimble in their movement, they shock their enemies with their arrows.;;;;;;;;;;;;x,,,,
,,,,,
ca_culture_cheyenne_1;Cheyenne Warrior Barracks;;;;;;;;;;;;x,,,,,
ca_culture_cheyenne_2;Cheyenne Warrior Barracks;;;;;;;;;;;;x,,,,,
ca_culture_cheyenne_3;Cheyenne Warrior Barracks;;;;;;;;;;;;x,,,,,
ca_culture_cheyenne_4;Cheyenne Warrior Barracks;;;;;;;;;;;;x,,,,,
tb_culture_cheyenne_1;Cheyenne Warrior Halls;;;;;;;;;;;;x,,,,,
tb_culture_cheyenne_2;Cheyenne Warrior Halls;;;;;;;;;;;;x,,,,,
tb_culture_cheyenne_3;Cheyenne Warrior Halls;;;;;;;;;;;;x,,,,,
tb_culture_cheyenne_4;Cheyenne Warrior Halls;;;;;;;;;;;;x,,,,,
ca_culture_cheyenne_1_desc;The Cheyenne Warriors are men (and sometimes women) that take up in the many ancestral ways to fight for their people, doing so even before the Event. The march of time has not dulled their skills.;;;;;;;;;;;;x,,,,
,,,,,
ca_culture_arapaho_1;Arapaho Warrior Barracks;;;;;;;;;;;;x,,,,,
ca_culture_arapaho_2;Arapaho Warrior Barracks;;;;;;;;;;;;x,,,,,
ca_culture_arapaho_3;Arapaho Warrior Barracks;;;;;;;;;;;;x,,,,,
ca_culture_arapaho_4;Arapaho Warrior Barracks;;;;;;;;;;;;x,,,,,
tb_culture_arapaho_1;Arapaho Warrior Halls;;;;;;;;;;;;x,,,,,
tb_culture_arapaho_2;Arapaho Warrior Halls;;;;;;;;;;;;x,,,,,
tb_culture_arapaho_3;Arapaho Warrior Halls;;;;;;;;;;;;x,,,,,
tb_culture_arapaho_4;Arapaho Warrior Halls;;;;;;;;;;;;x,,,,,
ca_culture_arapaho_1_desc;The Arapaho Warriors are men who paint themselves and their mounts with ceremonial paint, to attain spiritual power. This tradition, traced from centuries before the Event, has not eroded, and their skills in combat remain the same.;;;;;;;;;;;;x,,,,
,,,,,
ca_culture_plains_ojibwe_1;Plains Ojibwe Warrior Barracks;;;;;;;;;;;;x,,,,,
ca_culture_plains_ojibwe_2;Plains Ojibwe Warrior Barracks;;;;;;;;;;;;x,,,,,
ca_culture_plains_ojibwe_3;Plains Ojibwe Warrior Barracks;;;;;;;;;;;;x,,,,,
ca_culture_plains_ojibwe_4;Plains Ojibwe Warrior Barracks;;;;;;;;;;;;x,,,,,
tb_culture_plains_ojibwe_1;Plains Ojibwe Warrior Halls;;;;;;;;;;;;x,,,,,
tb_culture_plains_ojibwe_2;Plains Ojibwe Warrior Halls;;;;;;;;;;;;x,,,,,
tb_culture_plains_ojibwe_3;Plains Ojibwe Warrior Halls;;;;;;;;;;;;x,,,,,
tb_culture_plains_ojibwe_4;Plains Ojibwe Warrior Halls;;;;;;;;;;;;x,,,,,
ca_culture_plains_ojibwe_1_desc;The Ojibwe Warriors are men who use the lament they have of being displaced from their true homeland into rage, fighting for the lands they have left.;;;;;;;;;;;;x,,,,,
,,,,,
ca_culture_caddoan_1;Caddo Hunter Camps;;;;;;;;;;;;x,,,,,
ca_culture_caddoan_2;Caddo Hunter Camps;;;;;;;;;;;;x,,,,,
ca_culture_caddoan_3;Caddo Hunter Camps;;;;;;;;;;;;x,,,,,
ca_culture_caddoan_4;Caddo Hunter Camps;;;;;;;;;;;;x,,,,,
tb_culture_caddoan_1;Caddo Hunter Huts;;;;;;;;;;;;x,,,,,
tb_culture_caddoan_2;Caddo Hunter Huts;;;;;;;;;;;;x,,,,,
tb_culture_caddoan_3;Caddo Hunter Huts;;;;;;;;;;;;x,,,,,
tb_culture_caddoan_4;Caddo Hunter Huts;;;;;;;;;;;;x,,,,,
ca_culture_caddoan_1_desc;The Caddo Hunters are elite hunters who will track and attack prey with no remose, as how the life on the Plains has made them adapt.;;;;;;;;;;;;x,,,,,
,,,,,
ca_culture_kiowa_1;Cauigu Swordsmen Barracks;;;;;;;;;;;;x,,,,,
ca_culture_kiowa_2;Cauigu Swordsmen Barracks;;;;;;;;;;;;x,,,,,
ca_culture_kiowa_3;Cauigu Swordsmen Barracks;;;;;;;;;;;;x,,,,,
ca_culture_kiowa_4;Cauigu Swordsmen Barracks;;;;;;;;;;;;x,,,,,
tb_culture_kiowa_1;Cauigu Swordsmen Grounds;;;;;;;;;;;;x,,,,,
tb_culture_kiowa_2;Cauigu Swordsmen Grounds;;;;;;;;;;;;x,,,,,
tb_culture_kiowa_3;Cauigu Swordsmen Grounds;;;;;;;;;;;;x,,,,,
tb_culture_kiowa_4;Cauigu Swordsmen Grounds;;;;;;;;;;;;x,,,,,
ca_culture_kiowa_1_desc;The Cauigu Swordsmen are fierce warriors who will charge against any foe they see, with formidable strength backing them to do so.;;;;;;;;;;;;x,,,,,
,,,,,
ca_culture_muskogean_1;Muskogean Skirmisher Training Grounds;;;;;;;;;;;;x,,,,,
ca_culture_muskogean_2;Muskogean Skirmisher Training Grounds;;;;;;;;;;;;x,,,,,
ca_culture_muskogean_3;Muskogean Skirmisher Training Grounds;;;;;;;;;;;;x,,,,,
ca_culture_muskogean_4;Muskogean Skirmisher Training Grounds;;;;;;;;;;;;x,,,,,
tb_culture_muskogean_1;Muskogean Skirmisher Proving Grounds;;;;;;;;;;;;x,,,,,
tb_culture_muskogean_2;Muskogean Skirmisher Proving Grounds;;;;;;;;;;;;x,,,,,
tb_culture_muskogean_3;Muskogean Skirmisher Proving Grounds;;;;;;;;;;;;x,,,,,
tb_culture_muskogean_4;Muskogean Skirmisher Proving Grounds;;;;;;;;;;;;x,,,,,
ca_culture_muskogean_1_desc;The Muskogee Skirmishers are fast-moving conscripts, hitting hard and moving quick to pick off the enemy.;;;;;;;;;;;;x,,,,,
,,,,,
ca_culture_fox_1;Othakiwaki Archer Range;;;;;;;;;;;;x,,,,,
ca_culture_fox_2;Othakiwaki Archer Range;;;;;;;;;;;;x,,,,,
ca_culture_fox_3;Othakiwaki Archer Range;;;;;;;;;;;;x,,,,,
ca_culture_fox_4;Othakiwaki Archer Range;;;;;;;;;;;;x,,,,,
tb_culture_fox_1;Othakiwaki Archer Camps;;;;;;;;;;;;x,,,,,
tb_culture_fox_2;Othakiwaki Archer Camps;;;;;;;;;;;;x,,,,,
tb_culture_fox_3;Othakiwaki Archer Camps;;;;;;;;;;;;x,,,,,
tb_culture_fox_4;Othakiwaki Archer Camps;;;;;;;;;;;;x,,,,,
ca_culture_fox_1_desc;The Othakiwaki Archers are men who's arrows are pin-point accurate in their target. Their pride lies in their ability to fend off any adversary that crosses their paths.;;;;;;;;;;;;x,,,,,
,,,,,
ca_culture_gros_ventre_1;A'aaniinenna Skirmisher Armory;;;;;;;;;;;;x,,,,,
ca_culture_gros_ventre_2;A'aaniinenna Skirmisher Armory;;;;;;;;;;;;x,,,,,
ca_culture_gros_ventre_3;A'aaniinenna Skirmisher Armory;;;;;;;;;;;;x,,,,,
ca_culture_gros_ventre_4;A'aaniinenna Skirmisher Armory;;;;;;;;;;;;x,,,,,
tb_culture_gros_ventre_1;A'aaniinenna Skirmisher Grounds;;;;;;;;;;;;x,,,,,
tb_culture_gros_ventre_2;A'aaniinenna Skirmisher Grounds;;;;;;;;;;;;x,,,,,
tb_culture_gros_ventre_3;A'aaniinenna Skirmisher Grounds;;;;;;;;;;;;x,,,,,
tb_culture_gros_ventre_4;A'aaniinenna Skirmisher Grounds;;;;;;;;;;;;x,,,,,
ca_culture_gros_ventre_1_desc;The A'aaniinenna Skirmishers are a force that uses their horses to harrass their enemies, giving their archers ample time to pin them to the ground.;;;;;;;;;;;;x,,,,
,,,,,
ca_culture_blackfoot_1;Niitsitapi Warrior Barracks;;;;;;;;;;;;x,,,,,
ca_culture_blackfoot_2;Niitsitapi Warrior Barracks;;;;;;;;;;;;x,,,,,
ca_culture_blackfoot_3;Niitsitapi Warrior Barracks;;;;;;;;;;;;x,,,,,
ca_culture_blackfoot_4;Niitsitapi Warrior Barracks;;;;;;;;;;;;x,,,,,
tb_culture_blackfoot_1;Niitsitapi Warrior Halls;;;;;;;;;;;;x,,,,,
tb_culture_blackfoot_2;Niitsitapi Warrior Halls;;;;;;;;;;;;x,,,,,
tb_culture_blackfoot_3;Niitsitapi Warrior Halls;;;;;;;;;;;;x,,,,,
tb_culture_blackfoot_4;Niitsitapi Warrior Halls;;;;;;;;;;;;x,,,,,
ca_culture_blackfoot_1_desc;The Niitsitapi Warriors are men who undergo rigorous trials to properly fight for their people. From the antediviludian roots of this practice, they fight with unwavering conviction.;;;;;;;;;;;;x,,,,
,,,,,
ca_culture_northern_athabaskan_1;Northern Athabaskan Hunter Range;;;;;;;;;;;;x,,,,,
ca_culture_northern_athabaskan_2;Northern Athabaskan Hunter Range;;;;;;;;;;;;x,,,,,
ca_culture_northern_athabaskan_3;Northern Athabaskan Hunter Range;;;;;;;;;;;;x,,,,,
ca_culture_northern_athabaskan_4;Northern Athabaskan Hunter Range;;;;;;;;;;;;x,,,,,
tb_culture_northern_athabaskan_1;Northern Athabaskan Hunter Grounds;;;;;;;;;;;;x,,,,,
tb_culture_northern_athabaskan_2;Northern Athabaskan Hunter Grounds;;;;;;;;;;;;x,,,,,
tb_culture_northern_athabaskan_3;Northern Athabaskan Hunter Grounds;;;;;;;;;;;;x,,,,,
tb_culture_northern_athabaskan_4;Northern Athabaskan Hunter Grounds;;;;;;;;;;;;x,,,,,
ca_culture_northern_athabaskan_1_desc;The hardy hunters of the Northen Athabaskan are men who hunt for their tribe, bringing home their prey for the night. Persistent and accurate, their arrows pierce through their enemies like game.;;;;;;;;;;;;x,,,
,,,,,
tb_culture_upper_quebecois_1;Upper Quebecois Luge Smithy;;;;;;;;;;;;x,,,,,
tb_culture_upper_quebecois_2;Upper Quebecois Luge Smithy;;;;;;;;;;;;x,,,,,
tb_culture_upper_quebecois_3;Upper Quebecois Luge Smithy;;;;;;;;;;;;x,,,,,
tb_culture_upper_quebecois_4;Upper Quebecois Luge Smithy;;;;;;;;;;;;x,,,,,
tb_culture_upper_quebecois_1_desc;These smithies create the sleds that make up the Luge. Using their tamed canines to push their sleds, they shock their enemies with their prowress.;;;;;;;;;;;;x,,,,
ca_culture_upper_quebecois_1;Upper Quebecois Luge Workshops;;;;;;;;;;;;x,,,,,
ca_culture_upper_quebecois_2;Upper Quebecois Luge Workshops;;;;;;;;;;;;x,,,,,
ca_culture_upper_quebecois_3;Upper Quebecois Luge Workshops;;;;;;;;;;;;x,,,,,
ca_culture_upper_quebecois_4;Upper Quebecois Luge Workshops;;;;;;;;;;;;x,,,,,
ca_culture_upper_quebecois_1_desc;These workshops create the sleds that make up the Luge. Using their tamed canines to push their sleds, they shock their enemies with their prowress.;;;;;;;;;;;;x,,,,
,,,,,
tb_culture_lower_quebecois_1;Lower Quebecois Luge Smithy;;;;;;;;;;;;x,,,,,
tb_culture_lower_quebecois_2;Lower Quebecois Luge Smithy;;;;;;;;;;;;x,,,,,
tb_culture_lower_quebecois_3;Lower Quebecois Luge Smithy;;;;;;;;;;;;x,,,,,
tb_culture_lower_quebecois_4;Lower Quebecois Luge Smithy;;;;;;;;;;;;x,,,,,
tb_culture_lower_quebecois_1_desc;These smithies create the sleds that make up the Luge. Using their tamed canines to push their sleds, they overrun their enemies with their speed.;;;;;;;;;;;;x,,,,
ca_culture_lower_quebecois_1;Lower Quebecois Luge Workshops;;;;;;;;;;;;x,,,,,
ca_culture_lower_quebecois_2;Lower Quebecois Luge Workshops;;;;;;;;;;;;x,,,,,
ca_culture_lower_quebecois_3;Lower Quebecois Luge Workshops;;;;;;;;;;;;x,,,,,
ca_culture_lower_quebecois_4;Lower Quebecois Luge Workshops;;;;;;;;;;;;x,,,,,
ca_culture_lower_quebecois_1_desc;These workshops create the sleds that make up the Luge. Using their tamed canines to push their sleds, they overrun their enemies with their speed.;;;;;;;;;;;;x,,,,
,,,,,
ca_culture_mountainer_1;Mountainer Skirmisher Barracks;;;;;;;;;;;;x,,,,,
ca_culture_mountainer_2;Mountainer Skirmisher Barracks;;;;;;;;;;;;x,,,,,
ca_culture_mountainer_3;Mountainer Skirmisher Barracks;;;;;;;;;;;;x,,,,,
ca_culture_mountainer_4;Mountainer Skirmisher Barracks;;;;;;;;;;;;x,,,,,
tb_culture_mountainer_1;Mountainer Skirmisher Grounds;;;;;;;;;;;;x,,,,,
tb_culture_mountainer_2;Mountainer Skirmisher Grounds;;;;;;;;;;;;x,,,,,
tb_culture_mountainer_3;Mountainer Skirmisher Grounds;;;;;;;;;;;;x,,,,,
tb_culture_mountainer_4;Mountainer Skirmisher Grounds;;;;;;;;;;;;x,,,,,
ca_culture_mountainer_1_desc;The Maintainer Skirmishers blend in the crevices and shadows of the terrain they were born in. Pelting the enemy with their assault, they make sure none survive in their wake.;;;;;;;;;;;;x,,,,,
,,,,,
ca_culture_badgerlander_1;Badgerlander Militia Barracks;;;;;;;;;;;;x,,,,,
ca_culture_badgerlander_2;Badgerlander Militia Barracks;;;;;;;;;;;;x,,,,,
ca_culture_badgerlander_3;Badgerlander Militia Barracks;;;;;;;;;;;;x,,,,,
ca_culture_badgerlander_4;Badgerlander Militia Barracks;;;;;;;;;;;;x,,,,,
tb_culture_badgerlander_1;Badgerlander Militia Grounds;;;;;;;;;;;;x,,,,,
tb_culture_badgerlander_2;Badgerlander Militia Grounds;;;;;;;;;;;;x,,,,,
tb_culture_badgerlander_3;Badgerlander Militia Grounds;;;;;;;;;;;;x,,,,,
tb_culture_badgerlander_4;Badgerlander Militia Grounds;;;;;;;;;;;;x,,,,,
ca_culture_badgerlander_1_desc;The militiamen hailing from Badgerlander men are renowned from their high morale and heavy attack.;;;;;;;;;;;;x,,,,,
,,,,,
ca_culture_thunderlander_1;Thunderlander Raider Blacksmiths;;;;;;;;;;;;x,,,,,
ca_culture_thunderlander_2;Thunderlander Raider Blacksmiths;;;;;;;;;;;;x,,,,,
ca_culture_thunderlander_3;Thunderlander Raider Blacksmiths;;;;;;;;;;;;x,,,,,
ca_culture_thunderlander_4;Thunderlander Raider Blacksmiths;;;;;;;;;;;;x,,,,,
tb_culture_thunderlander_1;Thunderlander Raider Workshops;;;;;;;;;;;;x,,,,,
tb_culture_thunderlander_2;Thunderlander Raider Workshops;;;;;;;;;;;;x,,,,,
tb_culture_thunderlander_3;Thunderlander Raider Workshops;;;;;;;;;;;;x,,,,,
tb_culture_thunderlander_4;Thunderlander Raider Workshops;;;;;;;;;;;;x,,,,,
ca_culture_thunderlander_1_desc;The feared Thunderlander Raiders are a terror in the battlefield, as their brutal attacks leave armies in awe and fear.;;;;;;;;;;;;x,,,,
,,,,,
ca_culture_plainslander_1;Plainslander Cavalry Stables;;;;;;;;;;;;x,,,,,
ca_culture_plainslander_2;Plainslander Cavalry Stables;;;;;;;;;;;;x,,,,,
ca_culture_plainslander_3;Plainslander Cavalry Stables;;;;;;;;;;;;x,,,,,
ca_culture_plainslander_4;Plainslander Cavalry Stables;;;;;;;;;;;;x,,,,,
tb_culture_plainslander_1;Plainslander Cavalry Fields;;;;;;;;;;;;x,,,,,
tb_culture_plainslander_2;Plainslander Cavalry Fields;;;;;;;;;;;;x,,,,,
tb_culture_plainslander_3;Plainslander Cavalry Fields;;;;;;;;;;;;x,,,,,
tb_culture_plainslander_4;Plainslander Cavalry Fields;;;;;;;;;;;;x,,,,,
ca_culture_plainslander_1_desc;Trained from the fields and farms they were raised on and protect, the cavalrymen of the Plains fight with speed and shock.;;;;;;;;;;;;x,,,,
,,,,,
ca_culture_somali_1;Soomali High Guard Armory;;;;;;;;;;;;x,,,,,
ca_culture_somali_2;Soomali High Guard Armory;;;;;;;;;;;;x,,,,,
ca_culture_somali_3;Soomali High Guard Armory;;;;;;;;;;;;x,,,,,
ca_culture_somali_4;Soomali High Guard Armory;;;;;;;;;;;;x,,,,,
tb_culture_somali_1;Soomali High Guard Smithy;;;;;;;;;;;;x,,,,,
tb_culture_somali_2;Soomali High Guard Smithy;;;;;;;;;;;;x,,,,,
tb_culture_somali_3;Soomali High Guard Smithy;;;;;;;;;;;;x,,,,,
tb_culture_somali_4;Soomali High Guard Smithy;;;;;;;;;;;;x,,,,,
ca_culture_somali_1_desc;The Soomali High Guards are a renowned and mighty force employed by their lieges. Their high offense gives them a seemingly unfair advantage towards their adversaries.;;;;;;;;;;;;x,,,,,
,,,,,
ca_culture_ozarkian_1;Ozarkian Lancer Stables;;;;;;;;;;;;x,,,,,
ca_culture_ozarkian_2;Ozarkian Lancer Stables;;;;;;;;;;;;x,,,,,
ca_culture_ozarkian_3;Ozarkian Lancer Stables;;;;;;;;;;;;x,,,,,
ca_culture_ozarkian_4;Ozarkian Lancer Stables;;;;;;;;;;;;x,,,,,
tb_culture_ozarkian_1;Ozarkian Lancer Fields;;;;;;;;;;;;x,,,,,
tb_culture_ozarkian_2;Ozarkian Lancer Fields;;;;;;;;;;;;x,,,,,
tb_culture_ozarkian_3;Ozarkian Lancer Fields;;;;;;;;;;;;x,,,,,
tb_culture_ozarkian_4;Ozarkian Lancer Fields;;;;;;;;;;;;x,,,,,
ca_culture_ozarkian_1_desc;The Ozarkian Lancers are horsemen who charge in the battlefield, defending their homeland in pride. Their lances pierce any armor their foes don on their body.;;;;;;;;;;;;x,,,,,
,,,,,
ca_culture_arkensawyer_1;Arkensawyer Militia Barracks;;;;;;;;;;;;x,,,,,
ca_culture_arkensawyer_2;Arkensawyer Militia Barracks;;;;;;;;;;;;x,,,,,
ca_culture_arkensawyer_3;Arkensawyer Militia Barracks;;;;;;;;;;;;x,,,,,
ca_culture_arkensawyer_4;Arkensawyer Militia Barracks;;;;;;;;;;;;x,,,,,
tb_culture_arkensawyer_1;Arkensawyer Militia Grounds;;;;;;;;;;;;x,,,,,
tb_culture_arkensawyer_2;Arkensawyer Militia Grounds;;;;;;;;;;;;x,,,,,
tb_culture_arkensawyer_3;Arkensawyer Militia Grounds;;;;;;;;;;;;x,,,,,
tb_culture_arkensawyer_4;Arkensawyer Militia Grounds;;;;;;;;;;;;x,,,,,
ca_culture_arkensawyer_1_desc;The Arkensawyer Militia are able men who posses great zeal to their service in order to attack and defend with great will. Armed with swords and pikes, they fight with fanatic morale.;;;;;;;;;;;;x,,,,,
,,,,,
ny_turkish_minority;Türk Minority;;;;;;;;;;x,,,,,
invite_local_turk;Invite local Türk Man;;;;;;;;;;x,,,,,
invite_local_turk_woman;Invite local Türk woman;;;;;;;;;;x,,,,,
invite_local_turk_desc;Invite a Türk man from your local Türk community.;;;;;;;;;;x,,,,,
invite_local_turk_woman_desc;Invite a Türk woman from your local Türk community.;;;;;;;;;;x,,,,,
EVTDESC_WA_14;A community of Türks have established themselves in one of your provinces, will you allow them to stay?;;;;;;;;;;;;;x ,,,,
EVTOPTAWA14;They may stay.;;;;;;;;;;;;;x,,,,,
EVTOPTBWA14;Drive them out and seize their goods!;;;;;;;;;;;;;x,,,,,
EVTDESC_WA_15;As the population of the province has become majority Türk, the minority community has integrated into the wider population;;;;;;;;;;;;;x,,,,
EVTOPTAWA15;Okay.;;;;;;;;;;;;;x,,,,,
EVTDESC_WA_16;The minority Türk population of your province has moved elsewhere, they may some day ask to return.;;;;;;;;;;;;;x,,,,
EVTOPTAWA16;Okay.;;;;;;;;;;;;;x,,,,,
custom_turk_wandering;Türk Migration Region.;;;;;;;;;;;;;x,,,,,
west_great_lakes_route;West Great Lakes Route;;;;;;;;;x,,,,,
trans_atlantic_crossing;Trans Atlantic Crossing;;;;;;;;;x,,,,,
caribbean_route;Caribbean Route;;;;;;;;;x,,,,,
east_great_lakes_route;East Great Lakes Route;;;;;;;;;x,,,,,
lower_mississippi_way;Lower Mississippi Way;;;;;;;;;x,,,,,
upper_mississippi_way;Upper Mississippi Way;;;;;;;;;x,,,,,
route_10_east;I-10E;;;;;;;;;x,,,,,
route_10_west;I-10W;;;;;;;;;x,,,,,
ninety_five_north;I-95N;;;;;;;;;x,,,,,
midwestern_waterway;Midwestern Waterway;;;;;;;;;x,,,,,
route_20_east;I-20E;;;;;;;;;x,,,,,
cumberland_trail;Cumberland Trail;;;;;;;;;x,,,,,
trappers_trail;Trappers Trail;;;;;;;;;x,,,,,
KING_OF_THE_ANDALS;King of the Andals;;;;;;;;;x,,,,,
PROTECTOR_OF_THE_SEVEN_KINGDOMS;Protector of the Seven Kingdoms;;;;;;;;;x,,,,,
KING_OF_THE_ANDALS_FOA;King of the Andals;;;;;;;;;x,,,,,
SEVEN_KINGDOMS_OF;Seven Kingdoms;;;;;;;;;x,,,,,
religion_feature_novelist_2;Valyrian Dragonlords;;;;;;;;;x,,,,,
religion_feature_novelist_2_desc;Our customs from over the sea hold that we must keep our blood pure, our seed strong, and our blades sharp.;;;;;;;;;x,,,
sun_dance_opinion;Sun Dance Opinion;;;;;;;;;x,,,,,
CB_NAME_MARCH_CUSTODITE;Establish Command and Control;;;;;;;;;x,,,,,
custoditemarch_cb_desc;As an officer of the armed forces, it is your responsibility to restore order to America.;;;;;;;;;x,,,,
WAR_NAME_MARCH_CUSTODITE;$ORDER$$FIRST_ADJ$ War to Pacify $DEFENDER$;;;;;;;;;x,,,,,
parliament_laws_custodite;Joint Chiefs of Staff;;;;;;;;;x,,,,,
parliament_laws_custodite_desc;These laws determine the number of Chiefs;;;;;;;;;x,,,,,
title_custodite_member_parliament;Chief;;;;;;;;;x,,,,,
title_custodite_member_parliament_1;Chief;;;;;;;;;x,,,,,
title_custodite_member_parliament_2;Chief;;;;;;;;;x,,,,,
parliament_laws_custodite_0;COCKED PISTOL;;;;;;;;;x,,,,,
parliament_laws_custodite_0_desc;Chain of command is not a suggestion.;;;;;;;;;x,,,,,
parliament_laws_custodite_1;FAST PACE;;;;;;;;;x,,,,,
parliament_laws_custodite_1_desc;Keep it short, sweet, and to the point-or someone else will.;;;;;;;;;x,,,
parliament_laws_custodite_2;ROUND HOUSE;;;;;;;;;x,,,,,
parliament_laws_custodite_2_desc;This ain't a democracy, but we'll pretend for morale.;;;;;;;;;x,,,,
parliament_laws_custodite_3;DOUBLE TAKE;;;;;;;;;x,,,,,
parliament_laws_custodite_3_desc;Death by committee is still better than death by combat.;;;;;;;;;x,,,,,
amaitist_forum;Amaitist Exchange Forum;;;;;;;;;x,,,,,
amaitist_forum_desc;This commercial forum is a hub for the far-traveled Amaitist merchant-missionaries, who carry both precious goods and the teachings of Amaité across the land. §Y This increases Amaitist conversion speed in this and neighboring provinces. §!;;;;;;;;;x,,,,
aquarian_vibes;Aquarian Vibrations;;;;;;;;;x,,,,,
aquarian_vibes_desc;This Aquarian is exploring their inner divinity and reaping the benefits to body and soul;;;;;;;;;x,,,,,
aquarian_null_vibes;Aquarian Vibrations;;;;;;;;;x,,,,,
aquarian_null_vibes_desc;This Aquarian is exploring their inner divinity and reaping the benefits to body and soul;;;;;;;;;x,,,,,
aquarian_good_vibes;Aquarian Vibrations;;;;;;;;;x,,,,,
aquarian_good_vibes_desc;This Aquarian is exploring their inner divinity and reaping the benefits to body and soul;;;;;;;;;x,,,,,
aquarian_bad_vibes;Aquarian Vibrations;;;;;;;;;x,,,,,
aquarian_bad_vibes_desc;This Aquarian is exploring their inner divinity and reaping the benefits to body and soul;;;;;;;;;x,,,,,
reiki_tooltip;Reiki may improve your mental health and give a positive vibration modifier.;;;;;;;;;x,,,,,
crystal_tooltip;The energy within this crystal may bring you health and prosperity, but it may be hard to tell for sure.;;;;;;;;;x,,,,
channeling_tooltip;Depending on their power, channeling a spirit may alter your personality or perspective.;;;;;;;;;x,,,,
carnality_tooltip;Carnal exploration may improve your mental health and give a positive vibration modifier.;;;;;;;;;x,,,,,
yoga_tooltip;Yoga may improve your mental health and give a positive vibration modifier.;;;;;;;;;x,,,,,
aquarian_crystal;Aquarian Crystal;;;;;;;;;x,,,,,
aquarian_crystal_desc;A crystal charged with positive energies, blessing its environment with good fortune.;;;;;;;;;x,,,,
aquarian_crystal_bad;Aquarian Crystal;;;;;;;;;x,,,,,
aquarian_crystal_bad_desc;A crystal charged with positive energies, blessing its environment with good fortune supposedly.;;;;;;;;;x,,,,
STAT_PIETY_REVERENCE;Reverence;;;;;;;;;;;;;x,,,,,
