garde#CODE;ENGLISH;FRENCH;GERMAN;;SPANISH;;;;;;;;;x
caillouvian;Durocher;;;;;;;;;;;x
north_atlantic_anglophone;North Atlantic;;;;;;;;;;;x
lobsterfolk;Lobsterfolk;;;;;;;;;;;x
mexicano;Mexicano;;;;;;;;;;;x
chilangos;Chilango;;;;;;;;;;;x
ribereno;Jarocho;;;;;;;;;;;x
norteabajeno;Abajeño;;;;;;;;;;;x
sudabajeno;Calentano;;;;;;;;;;;x
fronterizo;Fronterizo;;;;;;;;;;;x
ocaseno;Tapatío;;;;;;;;;;;x
totonacan;Totonacan;;;;;;;;;;;x
totonac;Tu'tunáku';;;;;;;;;;;x
huastec;Téenek;;;;;;;;;;;x
chichimeca;Úza;;;;;;;;;;;x
pame;Xi'úi;;;;;;;;;;;x
mazahua;Jñatjo;;;;;;;;;;;x
chipilan;Cipilàn;;;;;;;;;;x
mascogo;Mascogo;;;;;;;;;;x
mixe-zoque;Mixe-Zoquean;;;;;;;;;;;x
mixe;Ayüük;;;;;;;;;;;x
zoque;Angpøn;;;;;;;;;;;x
oto-manguean;Oto-Manguean;;;;;;;;;;;x
mixtec;Ñuu Savi;;;;;;;;;;;x
popoloca;Ngiwa;;;;;;;;;;;x
zapotec;Binni záa;;;;;;;;;;;x
caracol;Caracol;;;;;;;;;;;x
otomi;Hñähñu;;;;;;;;;;;x
chatino;Cha'cña;;;;;;;;;;;x
chinatec;Jujmi;;;;;;;;;;;x
mazatec;Xitainíma;;;;;;;;;;;x
cuicatec;Dibaku;;;;;;;;;;;x
uto-aztecal;Nahuan;;;;;;;;;;;x
nahuatl;Nahua;;;;;;;;;;;x
yucatanense;Yucatanense;;;;;;;;;;;x
xeek;Xe'ek' Máaya';;;;;;;;;;;x
jakaltek;Popti';;;;;;;;;;;x
tojolabal;Tojol Ab'al;;;;;;;;;;;x
chuj;Koti';;;;;;;;;;;x
lacandon;Jacht'aan;;;;;;;;;;;x
chontal;Yokot'anjo;;;;;;;;;;;x
huavean;Huavean;;;;;;;;;;;x
huave;Kunajts;;;;;;;;;;;x
tarahumaran;Tarahumaran;;;;;;;;;;;x
raramuri;Rarámuri;;;;;;;;;;;x
tepehuan;Ódami;;;;;;;;;;;x
serian;Serian;;;;;;;;;;;x
seri;Comcaac;;;;;;;;;;;x
mexikanisch;Mexikanisch;;;;;;;;;;;x
cahitan;Cahitan;;;;;;;;;;;x
yaqui;Hiaki;;;;;;;;;;;x
mayo;Yoreme;;;;;;;;;;;x
corachol;Corachol;;;;;;;;;;;x
cora;Náayeri;;;;;;;;;;;x
huichol;Wixárika;;;;;;;;;;;x
purepechan;Purépechan;;;;;;;;;;;x
purepecha;P'urhépecha;;;;;;;;;;;x
jach;Jach Máaya';;;;;;;;;;;x
bileezian;Bileezian;;;;;;;;;;;x
arawakan;Arawakan;;;;;;;;;;;x
garifuna;Karif;;;;;;;;;;;
centroamericano;Centroamericano;;;;;;;;;;;x
chapin;Chapín;;;;;;;;;;;x
itza;Its Ja';;;;;;;;;;;x
salvadoran;Salvadoreño;;;;;;;;;;;x
misumalpan;Misumalpan;;;;;;;;;;;x
miskito;Miskito;;;;;;;;;;;x
mayangna;Mayangna;;;;;;;;;;;x
nica;Nica;;;;;;;;;;;x
lencan;Lencan;;;;;;;;;;;x
lenca;Potón;;;;;;;;;;;x
catracho;Catracho;;;;;;;;;;;x
mam;Mam;;;;;;;;;;;x
kekchi;Q'eqchi';;;;;;;;;;;x
ixil;Ixhil;;;;;;;;;;;x
kiche;K'iche';;;;;;;;;;;x
achi;Achi';;;;;;;;;;;x
pipil;Nawat;;;;;;;;;;;x
pokomchi;Poqomchii';;;;;;;;;;;x
chorti;Ch'orti';;;;;;;;;;;x
xincan;Xincan;;;;;;;;;;;x
xinka;Xinka;;;;;;;;;;;x
chibchan;Chibchan;;;;;;;;;;;x
pech;Pech;;;;;;;;;;;x
guaymi;Ngäbe;;;;;;;;;;;x
bribri;Bribri;;;;;;;;;;;x
cabecar;Kabekwa;;;;;;;;;;;x
rama;Rama;;;;;;;;;;;x
maleku;Maléku;;;;;;;;;;;x
guna;Dulegaya;;;;;;;;;;;x
bugle;Buglere;;;;;;;;;;;x
tico;Tico;;;;;;;;;;;x
canalero;Canalero;;;;;;;;;;;x
chocoan;Chocoan;;;;;;;;;;;x
wounaan;Wounaan;;;;;;;;;;;x
embera;Emberá;;;;;;;;;;;x
guariguari;Guari-Guari;;;;;;;;;;;x
jicaquean;Jicaquean;;;;;;;;;;;x
tol;Tol;;;;;;;;;;;x
kaqchikel;Kaqchikel;;;;;;;;;;;x
mopan;Mopán;;;;;;;;;;;x
mekatelyu;Mekatelyu;;;;;;;;;;;;x
tabasqueno;Choco;;;;;;;;;;;;x
colombian;Colombian;;;;;;;;;;;;x
galapagosian;Galapagosian;;;;;;;;;;;;x

######################################

# MEXICAN CULTURAL TITLES

###whole group tribal

# Mexicano
tribal_baron_mexicano;Líder;;;;;;;;;;;;;x
tribal_baron_female_mexicano;Lideresa;;;;;;;;;;;;;x
tribal_count_mexicano;Jefe;;;;;;;;;;;;;x
tribal_count_female_mexicano;Jefa;;;;;;;;;;;;;x
tribal_duke_mexicano;Cacique;;;;;;;;;;;;;x
tribal_duke_female_mexicano;Caciquesa;;;;;;;;;;;;;x
tribal_king_mexicano;Rey;;;;;;;;;;;;;x
tribal_king_female_mexicano;Reina;;;;;;;;;;;;;x
tribal_emperor_mexicano;Gran Rey;;;;;;;;;;;;;x
tribal_emperor_female_mexicano;Gran Reina;;;;;;;;;;;;;

tribal_barony_of_mexicano;Tribu de;;;;;;;;;;;;;x
tribal_county_of_mexicano;Jefatura de;;;;;;;;;;;;;x
tribal_duchy_of_mexicano;Cacicazgo de;;;;;;;;;;;;;x
tribal_kingdom_of_mexicano;Reino de;;;;;;;;;;;;;x
tribal_empire_of_mexicano;Gran Reino de;;;;;;;;;;;;;x

# North Mexican
tribal_baron_north_mexican;Líder;;;;;;;;;;;;;x
tribal_baron_female_north_mexican;Lideresa;;;;;;;;;;;;;x
tribal_count_north_mexican;Jefe;;;;;;;;;;;;;x
tribal_count_female_north_mexican;Jefa;;;;;;;;;;;;;x
tribal_duke_north_mexican;Cacique;;;;;;;;;;;;;x
tribal_duke_female_north_mexican;Caciquesa;;;;;;;;;;;;;x
tribal_king_north_mexican;Rey;;;;;;;;;;;;;x
tribal_king_female_north_mexican;Rey;;;;;;;;;;;;;x
tribal_emperor_north_mexican;Gran Rey;;;;;;;;;;;;;x
tribal_emperor_female_north_mexican;Gran Reina;;;;;;;;;;;;;x

tribal_barony_of_north_mexican;Tribu de;;;;;;;;;;;;;x
tribal_county_of_north_mexican;Jefatura de;;;;;;;;;;;;;x
tribal_duchy_of_north_mexican;Cacicazgo de;;;;;;;;;;;;;x
tribal_kingdom_of_north_mexican;Reino de;;;;;;;;;;;;;x
tribal_empire_of_north_mexican;Gran Reino de;;;;;;;;;;;;;x

nomadic_baron_north_mexican;Líder;;;;;;;;;;;;;x
nomadic_baron_female_north_mexican;Lideresa;;;;;;;;;;;;;x
nomadic_count_north_mexican;Capitán;;;;;;;;;;;;;x
nomadic_count_female_north_mexican;Capitana;;;;;;;;;;;;;x
nomadic_duke_north_mexican;Cacique;;;;;;;;;;;;;x
nomadic_duke_female_north_mexican;Caciquesa;;;;;;;;;;;;;x
nomadic_king_north_mexican;Jefe;;;;;;;;;;;;;x
nomadic_king_female_north_mexican;Jefa;;;;;;;;;;;;;x
nomadic_emperor_north_mexican;Jefedejefes;;;;;;;;;;;;;x
nomadic_emperor_female_north_mexican;Jefadejefas;;;;;;;;;;;;;x

nomadic_barony_of_north_mexican;Campamento de;;;;;;;;;;;;;x
nomadic_county_of_north_mexican;Banda de;;;;;;;;;;;;;x
nomadic_duchy_of_north_mexican;Tribu de;;;;;;;;;;;;;x
nomadic_kingdom_of_north_mexican;Horda de;;;;;;;;;;;;;x
nomadic_empire_of_north_mexican;Jefanato de;;;;;;;;;;;;;x

# Chicanos
nomadic_baron_chicano;Líder;;;;;;;;;;;;;x
nomadic_baron_female_chicano;Lideresa;;;;;;;;;;;;;x
nomadic_count_chicano;Capitán;;;;;;;;;;;;;x
nomadic_count_female_chicano;Capitana;;;;;;;;;;;;;x
nomadic_duke_chicano;Cacique;;;;;;;;;;;;;x
nomadic_duke_female_chicano;Caciquesa;;;;;;;;;;;;;x
nomadic_king_chicano;Jefe;;;;;;;;;;;;;x
nomadic_king_female_chicano;Jefa;;;;;;;;;;;;;x
nomadic_emperor_chicano;Jefedejefes;;;;;;;;;;;;;x
nomadic_emperor_female_chicano;Jefadejefas;;;;;;;;;;;;;x

nomadic_barony_of_chicano;Campamento de;;;;;;;;;;;;;x
nomadic_county_of_chicano;Banda de;;;;;;;;;;;;;x
nomadic_duchy_of_chicano;Tribu de;;;;;;;;;;;;;x
nomadic_kingdom_of_chicano;Horda de;;;;;;;;;;;;;x
nomadic_empire_of_chicano;Jefanato de;;;;;;;;;;;;;x

# Centroamericano
tribal_baron_centroamericano;Líder;;;;;;;;;;;;;x
tribal_baron_female_centroamericano;Lideresa;;;;;;;;;;;;;x
tribal_count_centroamericano;Jefe;;;;;;;;;;;;;x
tribal_count_female_centroamericano;Jefa;;;;;;;;;;;;;x
tribal_duke_centroamericano;Cacique;;;;;;;;;;;;;x
tribal_duke_female_centroamericano;Caciquesa;;;;;;;;;;;;;x
tribal_king_centroamericano;Rey;;;;;;;;;;;;;x
tribal_king_female_centroamericano;Reina;;;;;;;;;;;;;x
tribal_emperor_centroamericano;Gran Rey;;;;;;;;;;;;;x
tribal_emperor_female_centroamericano;Gran Reina;;;;;;;;;;;;;

tribal_barony_of_centroamericano;Tribu de;;;;;;;;;;;;;x
tribal_county_of_centroamericano;Jefatura de;;;;;;;;;;;;;x
tribal_duchy_of_centroamericano;Cacicazgo de;;;;;;;;;;;;;x
tribal_kingdom_of_centroamericano;Reino de;;;;;;;;;;;;;x
tribal_empire_of_centroamericano;Reino de;;;;;;;;;;;;;x

# Chilango
baron_chilangos;Barón;;;;;;;;;x
baron_female_chilangos;Baronesa;;;;;;;;;x
barony_of_chilangos;Baronía de;;;;;;;;;x
count_chilangos;Conde;;;;;;;;;x
count_female_chilangos;Condesa;;;;;;;;;x
county_of_chilangos;Condado de;;;;;;;;;;x
duke_chilangos;Príncipe;;;;;;;;;x
duke_female_chilangos;Princesa;;;;;;;;;x
duchy_of_chilangos;Principado de;;;;;;;;;x
king_chilangos;Arcipríncipe;;;;;;;;;x
king_female_chilangos;Arciprincesa;;;;;;;;;x
kingdom_of_chilangos;Arciprincipado de;;;;;;;;;x
emperor_chilangos;Emperador;;;;;;;;;x
emperor_female_chilangos;Emperatriz;;;;;;;;;x
empire_of_chilangos;Imperio de;;;;;;;;;x

# Chipilan
baron_chipilan;Barón;;;;;;;;;x
baron_female_chipilan;Baronesa;;;;;;;;;x
barony_of_chipilan;Baronía de;;;;;;;;;x
count_chipilan;Conde;;;;;;;;;x
count_female_chipilan;Condesa;;;;;;;;;x
county_of_chipilan;Condado de;;;;;;;;;;x
duke_chipilan;Príncipe;;;;;;;;;x
duke_female_chipilan;Princesa;;;;;;;;;x
duchy_of_chipilan;Principado de;;;;;;;;;x
king_chipilan;Arcipríncipe;;;;;;;;;x
king_female_chipilan;Arciprincesa;;;;;;;;;x
kingdom_of_chipilan;Arciprincipado de;;;;;;;;;x
emperor_chipilan;Emperador;;;;;;;;;x
emperor_female_chipilan;Emperatriz;;;;;;;;;x
empire_of_chipilan;Imperio de;;;;;;;;;x

# Nahuatl
emperor_nahuatl;Hueyi Tlahtoani;;;;;;;;;x
emperor_female_nahuatl;Cihuatl Huey Tlahtoani;;;;;;;;;x
king_nahuatl;Tlahtoani;;;;;;;;;x
king_female_nahuatl;Cihuatlahtoani;;;;;;;;;x
duke_nahuatl;Teuctli;;;;;;;;;x
duke_female_nahuatl;Cihuatl Teuctli;;;;;;;;;x
count_nahuatl;Tlahtocateuctli;;;;;;;;;x
count_female_nahuatl;Cihuatl Tlahtocateuctli;;;;;;;;;x
baron_nahuatl;Pilli Teuctli;;;;;;;;;x
baron_female_nahuatl;Cihuatl Pilli Teuctli;;;;;;;;;x

# Abajeno
baron_norteabajeno;Barón;;;;;;;;;x
baron_female_norteabajeno;Baronesa;;;;;;;;;x
barony_of_norteabajeno;Baronía de;;;;;;;;;x
count_norteabajeno;Conde;;;;;;;;;x
count_female_norteabajeno;Condesa;;;;;;;;;x
county_of_norteabajeno;Condado de;;;;;;;;;;x
duke_norteabajeno;Príncipe;;;;;;;;;x
duke_female_norteabajeno;Princesa;;;;;;;;;x
duchy_of_norteabajeno;Principado de;;;;;;;;;x
king_norteabajeno;Arcipríncipe;;;;;;;;;x
king_female_norteabajeno;Arciprincesa;;;;;;;;;x
kingdom_of_norteabajeno;Arciprincipado de;;;;;;;;;x
emperor_norteabajeno;Emperador;;;;;;;;;x
emperor_female_norteabajeno;Emperatriz;;;;;;;;;x
empire_of_norteabajeno;Imperio de;;;;;;;;;x

# Calentano
baron_sudabajeno;Barón;;;;;;;;;x
baron_female_sudabajeno;Baronesa;;;;;;;;;x
barony_of_sudabajeno;Baronía de;;;;;;;;;x
count_sudabajeno;Conde;;;;;;;;;x
count_female_sudabajeno;Condesa;;;;;;;;;x
county_of_sudabajeno;Condado de;;;;;;;;;;x
duke_sudabajeno;Príncipe;;;;;;;;;x
duke_female_sudabajeno;Princesa;;;;;;;;;x
duchy_of_sudabajeno;Principado de;;;;;;;;;x
king_sudabajeno;Arcipríncipe;;;;;;;;;x
king_female_sudabajeno;Arciprincesa;;;;;;;;;x
kingdom_of_sudabajeno;Arciprincipado de;;;;;;;;;x
emperor_sudabajeno;Emperador;;;;;;;;;x
emperor_female_sudabajeno;Emperatriz;;;;;;;;;x
empire_of_sudabajeno;Imperio de;;;;;;;;;x

# Tapatio
baron_ocaseno;Barón;;;;;;;;;x
baron_female_ocaseno;Baronesa;;;;;;;;;x
barony_of_ocaseno;Baronía de;;;;;;;;;x
count_ocaseno;Conde;;;;;;;;;x
count_female_ocaseno;Condesa;;;;;;;;;x
county_of_ocaseno;Condado de;;;;;;;;;;x
duke_ocaseno;Príncipe;;;;;;;;;x
duke_female_ocaseno;Princesa;;;;;;;;;x
duchy_of_ocaseno;Principado de;;;;;;;;;x
king_ocaseno;Arcipríncipe;;;;;;;;;x
king_female_ocaseno;Arciprincesa;;;;;;;;;x
kingdom_of_ocaseno;Arciprincipado de;;;;;;;;;x
emperor_ocaseno;Emperador;;;;;;;;;x
emperor_female_ocaseno;Emperatriz;;;;;;;;;x
empire_of_ocaseno;Imperio de;;;;;;;;;x

#WILD MEXICAN TITLES

# Fronterizo
baron_fronterizo;Patrón;;;;;;;;;x
baron_female_fronterizo;Patrona;;;;;;;;;x
barony_of_fronterizo;Hacienda de;;;;;;;;;x
count_fronterizo;Señor;;;;;;;;;x
count_female_fronterizo;Señora;;;;;;;;;x
county_of_fronterizo;Señorío de;;;;;;;;;;x
duke_fronterizo;Marqués;;;;;;;;;x
duke_female_fronterizo;Marquesa;;;;;;;;;x
duchy_of_fronterizo;Marca de;;;;;;;;;x
king_fronterizo;Rey;;;;;;;;;x
king_female_fronterizo;Reina;;;;;;;;;x
kingdom_of_fronterizo;Reino de;;;;;;;;;x
emperor_fronterizo;Emperador;;;;;;;;;x
emperor_female_fronterizo;Emperatriz;;;;;;;;;x
empire_of_fronterizo;Imperio de;;;;;;;;;x

# Jarocho
baron_ribereno;Patrón;;;;;;;;;x
baron_female_ribereno;Patrona;;;;;;;;;x
barony_of_ribereno;Hacienda de;;;;;;;;;x
count_ribereno;Señor;;;;;;;;;x
count_female_ribereno;Señora;;;;;;;;;x
county_of_ribereno;Señorío de;;;;;;;;;;x
duke_ribereno;Marqués;;;;;;;;;x
duke_female_ribereno;Marquesa;;;;;;;;;x
duchy_of_ribereno;Marca de;;;;;;;;;x
king_ribereno;Rey;;;;;;;;;x
king_female_ribereno;Reina;;;;;;;;;x
kingdom_of_ribereno;Reino de;;;;;;;;;x
emperor_ribereno;Emperador;;;;;;;;;x
emperor_female_ribereno;Emperatriz;;;;;;;;;x
empire_of_ribereno;Imperio de;;;;;;;;;x

# Fraylescano
baron_oaxaqueno;Patrón;;;;;;;;;x
baron_female_oaxaqueno;Patrona;;;;;;;;;x
barony_of_oaxaqueno;Hacienda de;;;;;;;;;x
count_oaxaqueno;Señor;;;;;;;;;x
count_female_oaxaqueno;Señora;;;;;;;;;x
county_of_oaxaqueno;Señorío de;;;;;;;;;;x
duke_oaxaqueno;Marqués;;;;;;;;;x
duke_female_oaxaqueno;Marquesa;;;;;;;;;x
duchy_of_oaxaqueno;Marca de;;;;;;;;;x
king_oaxaqueno;Rey;;;;;;;;;x
king_female_oaxaqueno;Reina;;;;;;;;;x
kingdom_of_oaxaqueno;Reino de;;;;;;;;;x
emperor_oaxaqueno;Emperador;;;;;;;;;x
emperor_female_oaxaqueno;Emperatriz;;;;;;;;;x
empire_of_oaxaqueno;Imperio de;;;;;;;;;x

# Yucatanense
baron_yucatanense;Patrón;;;;;;;;;x
baron_female_yucatanense;Patrona;;;;;;;;;x
barony_of_yucatanense;Hacienda de;;;;;;;;;x
count_yucatanense;Señor;;;;;;;;;x
count_female_yucatanense;Señora;;;;;;;;;x
county_of_yucatanense;Señorío de;;;;;;;;;;x
duke_yucatanense;Marqués;;;;;;;;;x
duke_female_yucatanense;Marquesa;;;;;;;;;x
duchy_of_yucatanense;Marca de;;;;;;;;;x
king_yucatanense;Rey;;;;;;;;;x
king_female_yucatanense;Reina;;;;;;;;;x
kingdom_of_yucatanense;Reino de;;;;;;;;;x
emperor_yucatanense;Emperador;;;;;;;;;x
emperor_female_yucatanense;Emperatriz;;;;;;;;;x
empire_of_yucatanense;Imperio de;;;;;;;;;x

# North Mexican (the whole group)
baron_north_mexican;Patrón;;;;;;;;;x
baron_female_north_mexican;Patrona;;;;;;;;;x
barony_of_north_mexican;Hacienda de;;;;;;;;;x
count_north_mexican;Señor;;;;;;;;;x
count_female_north_mexican;Señora;;;;;;;;;x
county_of_north_mexican;Señorío de;;;;;;;;;;x
duke_north_mexican;Marqués;;;;;;;;;x
duke_female_north_mexican;Marquesa;;;;;;;;;x
duchy_of_north_mexican;Marca de;;;;;;;;;x
king_north_mexican;Rey;;;;;;;;;x
king_female_north_mexican;Reina;;;;;;;;;x
kingdom_of_north_mexican;Reino de;;;;;;;;;x
emperor_north_mexican;Emperador;;;;;;;;;x
emperor_female_north_mexican;Emperatriz;;;;;;;;;x
empire_of_north_mexican;Imperio de;;;;;;;;;x

# Centroamericano (the whole group)
baron_centroamericano;Barón;;;;;;;;;x
baron_female_centroamericano;Baronesa;;;;;;;;;x
barony_of_centroamericano;Baronía de;;;;;;;;;x
count_centroamericano;Conde;;;;;;;;;x
count_female_centroamericano;Condesa;;;;;;;;;x
county_of_centroamericano;Condado de;;;;;;;;;;x
duke_centroamericano;Duque;;;;;;;;;x
duke_female_centroamericano;Duquesa;;;;;;;;;x
duchy_of_centroamericano;Ducado de;;;;;;;;;x
king_centroamericano;Rey;;;;;;;;;x
king_female_centroamericano;Reina;;;;;;;;;x
kingdom_of_centroamericano;Reino de;;;;;;;;;x
emperor_centroamericano;Emperador;;;;;;;;;x
emperor_female_centroamericano;Emperatriz;;;;;;;;;x
empire_of_centroamericano;Imperio de;;;;;;;;;x

# Mascogo
baron_mascogo;Barón;;;;;;;;;x
baron_female_mascogo;Baronesa;;;;;;;;;x
barony_of_mascogo;Baronía de;;;;;;;;;x
count_mascogo;Conde;;;;;;;;;x
count_female_mascogo;Condesa;;;;;;;;;x
county_of_mascogo;Condado de;;;;;;;;;;x
duke_mascogo;Duque;;;;;;;;;x
duke_female_mascogo;Duquesa;;;;;;;;;x
duchy_of_mascogo;Ducado de;;;;;;;;;x
king_mascogo;Rey;;;;;;;;;x
king_female_mascogo;Reina;;;;;;;;;x
kingdom_of_mascogo;Reino de;;;;;;;;;x
emperor_mascogo;Emperador;;;;;;;;;x
emperor_female_mascogo;Emperatriz;;;;;;;;;x
empire_of_mascogo;Imperio de;;;;;;;;;x

#CITY

#Mexicano
city_baron_mexicano;Regidor;;;;;;;;;x
city_baron_female_mexicano;Regidora;;;;;;;;;x
city_barony_of_mexicano;Ayuntamiento de;;;;;;;;;x
city_count_mexicano;Alcalde;;;;;;;;;x
city_count_female_mexicano;Alcaldesa;;;;;;;;;x
city_county_of_mexicano;Municipio de;;;;;;;;;;x
city_duke_mexicano;Gobernador;;;;;;;;;x
city_duke_female_mexicano;Gobernadora;;;;;;;;;x
city_duchy_of_mexicano;Provincia de;;;;;;;;;x
city_king_mexicano;Presidente;;;;;;;;;x
city_king_female_mexicano;Presidenta;;;;;;;;;x
city_kingdom_of_mexicano;Liga de;;;;;;;;;x
city_emperor_mexicano;Benemérito;;;;;;;;;x
city_emperor_female_mexicano;Benemérita;;;;;;;;;x
city_empire_of_mexicano;República de;;;;;;;;;x

# North Mexican
city_baron_north_mexican;Regidor;;;;;;;;;x
city_baron_female_north_mexican;Regidora;;;;;;;;;x
city_barony_of_north_mexican;Ayuntamiento de;;;;;;;;;x
city_count_north_mexican;Alcalde;;;;;;;;;x
city_count_female_north_mexican;Alcaldesa;;;;;;;;;x
city_county_of_north_mexican;Municipio de;;;;;;;;;;x
city_duke_north_mexican;Gobernador;;;;;;;;;x
city_duke_female_north_mexican;Gobernadora;;;;;;;;;x
city_duchy_of_north_mexican;Provincia de;;;;;;;;;x
city_king_north_mexican;Presidente;;;;;;;;;x
city_king_female_north_mexican;Presidenta;;;;;;;;;x
city_kingdom_of_north_mexican;Liga de;;;;;;;;;x
city_emperor_north_mexican;Benemérito;;;;;;;;;x
city_emperor_female_north_mexican;Benemérita;;;;;;;;;x
city_empire_of_north_mexican;República de;;;;;;;;;x

# Centroamericano
city_baron_centroamericano;Regidor;;;;;;;;;x
city_baron_female_centroamericano;Regidora;;;;;;;;;x
city_barony_of_centroamericano;Ayuntamiento de;;;;;;;;;x
city_count_centroamericano;Alcalde;;;;;;;;;x
city_count_female_centroamericano;Alcaldesa;;;;;;;;;x
city_county_of_centroamericano;Municipio de;;;;;;;;;;x
city_duke_centroamericano;Gobernador;;;;;;;;;x
city_duke_female_centroamericano;Gobernadora;;;;;;;;;x
city_duchy_of_centroamericano;Provincia de;;;;;;;;;x
city_king_centroamericano;Presidente;;;;;;;;;x
city_king_female_centroamericano;Presidenta;;;;;;;;;x
city_kingdom_of_centroamericano;Liga de;;;;;;;;;x
city_emperor_centroamericano;Benemérito;;;;;;;;;x
city_emperor_female_centroamericano;Benemérita;;;;;;;;;x
city_empire_of_centroamericano;República de;;;;;;;;;x

#OLIREP

#Mexicano
oligarchic_republic_baron_mexicano;Regidor;;;;;;;;;x
oligarchic_republic_baron_female_mexicano;Regidora;;;;;;;;;x
oligarchic_republic_barony_of_mexicano;Ayuntamiento de;;;;;;;;;x
oligarchic_republic_count_mexicano;Alcalde;;;;;;;;;x
oligarchic_republic_count_female_mexicano;Alcaldesa;;;;;;;;;x
oligarchic_republic_county_of_mexicano;Municipio de;;;;;;;;;;x
oligarchic_republic_duke_mexicano;Gobernador;;;;;;;;;x
oligarchic_republic_duke_female_mexicano;Gobernadora;;;;;;;;;x
oligarchic_republic_duchy_of_mexicano;Provincia de;;;;;;;;;x
oligarchic_republic_king_mexicano;Presidente;;;;;;;;;x
oligarchic_republic_king_female_mexicano;Presidenta;;;;;;;;;x
oligarchic_republic_kingdom_of_mexicano;Liga de;;;;;;;;;x
oligarchic_republic_emperor_mexicano;Benemérito;;;;;;;;;x
oligarchic_republic_emperor_female_mexicano;Benemérita;;;;;;;;;x
oligarchic_republic_empire_of_mexicano;República de;;;;;;;;;x

# North Mexican
oligarchic_republic_baron_north_mexican;Regidor;;;;;;;;;x
oligarchic_republic_baron_female_north_mexican;Regidora;;;;;;;;;x
oligarchic_republic_barony_of_north_mexican;Ayuntamiento de;;;;;;;;;x
oligarchic_republic_count_north_mexican;Alcalde;;;;;;;;;x
oligarchic_republic_count_female_north_mexican;Alcaldesa;;;;;;;;;x
oligarchic_republic_county_of_north_mexican;Municipio de;;;;;;;;;;x
oligarchic_republic_duke_north_mexican;Gobernador;;;;;;;;;x
oligarchic_republic_duke_female_north_mexican;Gobernadora;;;;;;;;;x
oligarchic_republic_duchy_of_north_mexican;Provincia de;;;;;;;;;x
oligarchic_republic_king_north_mexican;Presidente;;;;;;;;;x
oligarchic_republic_king_female_north_mexican;Presidenta;;;;;;;;;x
oligarchic_republic_kingdom_of_north_mexican;Liga de;;;;;;;;;x
oligarchic_republic_emperor_north_mexican;Benemérito;;;;;;;;;x
oligarchic_republic_emperor_female_north_mexican;Benemérita;;;;;;;;;x
oligarchic_republic_empire_of_north_mexican;República de;;;;;;;;;x

# Centroamericano
oligarchic_republic_baron_centroamericano;Regidor;;;;;;;;;x
oligarchic_republic_baron_female_centroamericano;Regidora;;;;;;;;;x
oligarchic_republic_barony_of_centroamericano;Ayuntamiento de;;;;;;;;;x
oligarchic_republic_count_centroamericano;Alcalde;;;;;;;;;x
oligarchic_republic_count_female_centroamericano;Alcaldesa;;;;;;;;;x
oligarchic_republic_county_of_centroamericano;Municipio de;;;;;;;;;;x
oligarchic_republic_duke_centroamericano;Gobernador;;;;;;;;;x
oligarchic_republic_duke_female_centroamericano;Gobernadora;;;;;;;;;x
oligarchic_republic_duchy_of_centroamericano;Provincia de;;;;;;;;;x
oligarchic_republic_king_centroamericano;Presidente;;;;;;;;;x
oligarchic_republic_king_female_centroamericano;Presidenta;;;;;;;;;x
oligarchic_republic_kingdom_of_centroamericano;Liga de;;;;;;;;;x
oligarchic_republic_emperor_centroamericano;Benemérito;;;;;;;;;x
oligarchic_republic_emperor_female_centroamericano;Benemérita;;;;;;;;;x
oligarchic_republic_empire_of_centroamericano;República de de;;;;;;;;;x


######################################

# MAYAN CULTURAL TITLES
# Current group names are using Yucatec Maya

# Mayan group

#feudal
baron_mayan;Tatich;;;;;;;;;x
baron_female_mayan;X-Tatich;;;;;;;;;x
barony_of_mayan;Ba'alba;;;;;;;;;x
count_mayan;Batab;;;;;;;;;x
count_female_mayan;X-Batab;;;;;;;;;x
county_of_mayan;Batabil;;;;;;;;;;x
duke_mayan;Jalach Wíinik;;;;;;;;;x
duke_female_mayan;Jalach Ko'olel;;;;;;;;;x
duchy_of_mayan;Kuchkabal;;;;;;;;;x
king_mayan;Ajaw;;;;;;;;;x
king_female_mayan;X-Ajaw;;;;;;;;;x
kingdom_of_mayan;Ajawiil;;;;;;;;;x
emperor_mayan;Yuum Ajaw;;;;;;;;;x
emperor_female_mayan;Xunáan Ajaw;;;;;;;;;x
empire_of_mayan;Láakam;;;;;;;;;x

# republican

city_baron_mayan;Aj Nat Be;;;;;;;;;x
city_baron_female_mayan;X-Nat Be;;;;;;;;;x
city_barony_of_mayan;Ayuntamiento de;;;;;;;;;x
city_count_mayan;Aj Beelmal;;;;;;;;;x
city_count_female_mayan;X-Beelmal;;;;;;;;;x
city_county_of_mayan;Mek'tan Kaajil;;;;;;;;;;x
city_duke_mayan;Aj Belnal;;;;;;;;;x
city_duke_female_mayan;X-Belnal;;;;;;;;;x
city_duchy_of_mayan;Mek'tan Mail;;;;;;;;;x
city_king_mayan;Jalach Wíinik;;;;;;;;;x
city_king_female_mayan;Jalach Ko'olel;;;;;;;;;x
city_kingdom_of_mayan;Péetlu'umil;;;;;;;;;x
city_emperor_mayan;Ajaw;;;;;;;;;x
city_emperor_female_mayan;X-Ajaw;;;;;;;;;x
city_empire_of_mayan;K'aax T'aan;;;;;;;;;x

oligarchic_republic_baron_mayan;Aj Nat Be;;;;;;;;;x
oligarchic_republic_baron_female_mayan;X-Nat Be;;;;;;;;;x
oligarchic_republic_barony_of_mayan;Ayuntamiento de;;;;;;;;;x
oligarchic_republic_count_mayan;Aj Beelmal;;;;;;;;;x
oligarchic_republic_count_female_mayan;X-Beelmal;;;;;;;;;x
oligarchic_republic_county_of_mayan;Mek'tan Kaajil;;;;;;;;;;x
oligarchic_republic_duke_mayan;Aj Belnal;;;;;;;;;x
oligarchic_republic_duke_female_mayan;X-Belnal;;;;;;;;;x
oligarchic_republic_duchy_of_mayan;Mek'tan Mail;;;;;;;;;x
oligarchic_republic_king_mayan;Jalach Wíinik;;;;;;;;;x
oligarchic_republic_king_female_mayan;Jalach Ko'olel;;;;;;;;;x
oligarchic_republic_kingdom_of_mayan;Péetlu'umil;;;;;;;;;x
oligarchic_republic_emperor_mayan;Ajaw;;;;;;;;;x
oligarchic_republic_emperor_female_mayan;X-Ajaw;;;;;;;;;x
oligarchic_republic_empire_of_mayan;K'aax T'aan;;;;;;;;;x

tribal_baron_mayan;Jo'olil;;;;;;;;;;;;;x
tribal_baron_female_mayan;Jo'olil;;;;;;;;;;;;;x
tribal_count_mayan;Jo'olpóopi';;;;;;;;;;;;;x
tribal_count_female_mayan;X-Jo'olpóopi';;;;;;;;;;;;;x
tribal_duke_mayan;Tatich;;;;;;;;;;;;;x
tribal_duke_female_mayan;X-Tatich;;;;;;;;;;;;;x
tribal_king_mayan;Jalach Wíinik;;;;;;;;;;;;;x
tribal_king_female_mayan;Jalach Ko'olel;;;;;;;;;;;;;x
tribal_emperor_mayan;Ajaw;;;;;;;;;;;;;x
tribal_emperor_female_mayan;X-Ajaw;;;;;;;;;;;;;

tribal_barony_of_mayan;Kaaj;;;;;;;;;;;;;x
tribal_county_of_mayan;Jo'olpóopil;;;;;;;;;;;;;x
tribal_duchy_of_mayan;Ma'akil;;;;;;;;;;;;;x
tribal_kingdom_of_mayan;Ajawiil;;;;;;;;;;;;;x
tribal_empire_of_mayan;Nohoch Ajawiil;;;;;;;;;;;;;x

######################################

laurentine_anglo;Laurentian;;;;;;;;;;;x
motorman;Motorman;;;;;;;;;;;x
firelander;Firelander;;;;;;;;;;;x
peninsularo;Bajeño;;;;;;;;;;;x
yeronian;Yeronian;;;;;;;;;;;x
ontarois;Ontarois;;;;;;;;;;;x
canjabi;Canjabi;;;;;;;;;;;x
amero_brythonic;Amero-Brythonic;;;;;;;;;;;x
indo_canadian_group;Indo-Canadian;;;;;;;;;;;x
montrealais;Montréalais;;;;;;;;;;;x
siouan;Siouan;;;;;;;;;;;x
issa;Issa;;;;;;;;;;;x
lumbee;Lumbee;;;;;;;;;;;x
anigiduwagi;Anigiduwagi;;;;;;;;;;;x
melungeon;Melung'n;;;;;;;;;;;x
nordien;Nordien;;;;;;;;;;;x
ohiwyr;Ohiwyr;;;;;;;;;;;x
amero_goidelic;Amero-Goidelic;;;;;;;;;;;x
amero_goidelic_FEATURES;§Y*§! Has access to the Tanistry succession law.;§Y*§! Permet la loi de succession par tanistrie.;§Y*§! Hat Zugang zur Erbfolge durch Thanwahl.;;§Y*§! Tiene acceso a la ley de sucesión de tanistry.;;;;;;;;;x
taconinach;Taconinach;;;;;;;;;;;x
brettonnach;Brettonnach;;;;;;;;;;;x
mayan;Mayan;;;;;;;;;;;x
amero_sinitic;Amero-Sinitic;;;;;;;;;;;x
amero_sinitic_FEATURES;§Y*§! Can Castrate prisoners.;;;;;;;;;;;x
ny_asian;Donghai'anren;;;;;;;;;;;x
rostlander;Rostlander;;;;;;;;;;;x
afronortherner;Afro-Northerner;;;;;;;;;;;x
bluegrasser;Bluegrasser;;;;;;;;;;;x
prairielander;Prairielander;;;;;;;;;;;x
hoosier;Hoosier;;;;;;;;;;;x
buckeye;Buckeye;;;;;;;;;;;x
tzotzil;Sotz'leb;;;;;;;;;;;x
tzetzal;Winik Atel;;;;;;;;;;;x
maiamero;Mayamero;;;;;;;;;;;x
carolino;Carolino;;;;;;;;;;;x
eastern_amero_hispanophone;Norteamericano;;;;;;;;;;;x
chol;Lakty'añ;;;;;;;;;;;x
maya;Máaya' T'áan;;;;;;;;;;;x
wampanoag;Wôpanâak;;;;;;;;;;;x
yankee;Yankee;;;;;;;;;;x
yankee_FEATURES;§Y*§! Has access to the Tanistry succession law.;§Y*§! Permet la loi de succession par tanistrie.;§Y*§! Hat Zugang zur Erbfolge durch Thanwahl.;;§Y*§! Tiene acceso a la ley de sucesión de tanistry.;;;;;;;;;x
albmonter;Albmoner;;;;;;;;;;x
vermonter;Vyrmoner;;;;;;;;;;x
mainer;Mainer;;;;;;;;;;x
bostonian;Bostonite;;;;;;;;;;x
nutmegger;Nutmegger;;;;;;;;;;x
massachusite;Massachussite;;;;;;;;;;x
proviguese;Proviguese;;;;;;;;;;x
jerseyite;Gardenite;;;;;;;;;;;;x;
wicker;Wicker;;;;;;;;;;;;x;
politan;Politan;;;;;;;;;;;;x;
amherican;Amherican;;;;;;;;;;;;x;
acadian;Acadien;;;;;;;;;;;;x;
brayonne;Brayon;;;;;;;;;;;;x;
cajun;Cadjin;;;;;;;;;;;;x;
kreyol;Kréyól;;;;;;;;;;;;x;
diksah;Diksee;;;;;;;;;;;;x;
tuskegean;Belter;;;;;;;;;;;x;
fiskean;Tuskegean;;;;;;;;;;;x;
agrilachian;Agrilach'n;;;;;;;;;;;x
smokelander;Smokelander;;;;;;;;;;;x
hollerer;Hollerer;;;;;;;;;;;x
vandalian;Vandalian;;;;;;;;;;;x
afrosoutherner;Afro-Southerner;;;;;;;;;;;x;
afrosoutherner_opinion;[afrosoutherner.GetGroupName] Opinion;;;;;;;;;;;x;
southerner;Southron;;;;;;;;;;;x;
piner;Piner;;;;;;;;;;;x;
sunshiner;Sunshiner;;;;;;;;;;;x;
karaliner;Keraliner;;;;;;;;;;;;x;
scotian;Scoshan;;;;;;;;;;;;x;
rivierois;Riviérois;;;;;;;;;;;;x;
appalachian_group;Appalach'n;;;;;;;;;;;;x;
appalachian_group_FEATURES;§Y*§! Has access to the Tanistry succession law.;§Y*§! Permet la loi de succession par tanistrie.;§Y*§! Hat Zugang zur Erbfolge durch Thanwahl.;;§Y*§! Tiene acceso a la ley de sucesión de tanistry.;;;;;;;;;x
pittian;Pitter;;;;;;;;;;;;x;
gullah;Gullah;;;;;;;;;;;;x;
floridano;Floridano;;;;;;;;;;;;x;
laikmahn;Laikman;;;;;;;;;;;;x;
alaskhan;Ulaskun;;;;;;;;;;;;x
ontaryo;Ontaryan;;;;;;;;;;;;x;
uppstatir;Uppstatir;;;;;;;;;;;;x;
quebecois;Québécois;;;;;;;;;;;;x;
appalachn;Appalach'n;;;;;;;;;;;;x;
arhavi;Arhavi;;;;;;;;;;;;x;
yiddish;Yiddish;;;;;;;;;;;;x;
federalist;Federalist;;;;;;;;;;;;x;
vulgar_federalist;Vulgar Federalist;;;;;;;;;;;;x
ballimorian;Ballimorian;;;;;;;;;;;;x
crawfisher;Crawfisher;;;;;;;;;;;;x
arkensawyer;Arkensawyer;;;;;;;;;;;;x
laurentian;Laurentian;;;;;;;;;;;;x;
lakelanders;Lakelander;;;;;;;;;;;;x;
anglo_mississippian;Steel Belter;;;;;;;;;;;;x;
windlander;Windlander;;;;;;;;;;;;x
plainslander;Plainslander;;;;;;;;;;;;x
hawkeyean;Hawkeye;;;;;;;;;;;;x
mississippian;Deltman;;;;;;;;;;;;x
goldmen;Cornplainer;;;;;;;;;;;;x
leadmen;Leadman;;;;;;;;;;;;x

# Rocky Romans

tribal_baron_neo-latin;Baron;;;;;;;;;;;;;x
tribal_baron_female_neo-latin;Baronissa;;;;;;;;;;;;;x
tribal_count_neo-latin;Cap;;;;;;;;;;;;;x
tribal_count_female_neo-latin;Caputriss;;;;;;;;;;;;;x
tribal_duke_neo-latin;Magn Cap;;;;;;;;;;;;;x
tribal_duke_female_neo-latin;Magna Caputrissa;;;;;;;;;;;;;x
tribal_king_neo-latin;Rex;;;;;;;;;;;;;x
tribal_king_female_neo-latin;Regina;;;;;;;;;;;;;x
tribal_emperor_neo-latin;Imperator;;;;;;;;;;;;;x
tribal_emperor_female_neo-latin;Imperatriss;;;;;;;;;;;;;

tribal_barony_of_neo-latin;Baronia de;;;;;;;;;;;;;x
tribal_county_of_neo-latin;Caputat de;;;;;;;;;;;;;x
tribal_duchy_of_neo-latin;Magn Caputat de;;;;;;;;;;;;;x
tribal_kingdom_of_neo-latin;Regn de;;;;;;;;;;;;;x
tribal_empire_of_neo-latin;Imperie de;;;;;;;;;;;;;x


baron_neo-latin;Baron;;;;;;;;;;;;;x
baron_female_neo-latin;Baronissa;;;;;;;;;;;;;x
count_neo-latin;Comt;;;;;;;;;;;;;x
count_female_neo-latin;Comtessa;;;;;;;;;;;;;x
duke_neo-latin;Dux;;;;;;;;;;;;;x
duke_female_neo-latin;Duchessa;;;;;;;;;;;;;x
king_neo-latin;Rex;;;;;;;;;;;;;x
king_female_neo-latin;Regina;;;;;;;;;;;;;x
emperor_neo-latin;Imperator;;;;;;;;;;;;;x
emperor_female_neo-latin;Imperatriss;;;;;;;;;;;;;

barony_of_neo-latin;Baronia de;;;;;;;;;;;;;x
county_of_neo-latin;Comitat de;;;;;;;;;;;;;x
duchy_of_neo-latin;Ducat de;;;;;;;;;;;;;x
kingdom_of_neo-latin;Regn de;;;;;;;;;;;;;x
empire_of_neo-latin;Imperie de;;;;;;;;;;;;;x

temple_barony_of_omniaveritatis;Episcopat de;;;;;;;;;;;;;x
temple_baron_omniaveritatis;Episcop;;;;;;;;;;;;;x

city_baron_neo-latin;Maior;;;;;;;;;;;;;x
city_barony_of_neo-latin;Civitat de;;;;;;;;;;;;;x

# Great Plains

nomadic_baron_blackfoot;Baron;;;;;;;;;;;;;x
nomadic_baron_female_blackfoot;Baroness;;;;;;;;;;;;;x
nomadic_count_blackfoot;Count;;;;;;;;;;;;;x
nomadic_count_female_blackfoot;Countess;;;;;;;;;;;;;x
nomadic_duke_blackfoot;Duke;;;;;;;;;;;;;x
nomadic_duke_female_blackfoot;Duchess;;;;;;;;;;;;;x
nomadic_king_blackfoot;Nínaa;;;;;;;;;;;;;x
nomadic_king_female_blackfoot;Nínaa;;;;;;;;;;;;;x
nomadic_emperor_blackfoot;Ohkinniinaa;;;;;;;;;;;;;x
nomadic_emperor_female_blackfoot;Ohkinniinaa;;;;;;;;;;;;;

nomadic_barony_of_blackfoot;Barony of;;;;;;;;;;;;;x
nomadic_county_of_blackfoot;County of;;;;;;;;;;;;;x
nomadic_duchy_of_blackfoot;Duchy of;;;;;;;;;;;;;x
nomadic_kingdom_of_blackfoot;Tribe of;;;;;;;;;;;;;x
nomadic_empire_of_blackfoot;Nation of;;;;;;;;;;;;;x

nomadic_baron_crow;Baron;;;;;;;;;;;;;x
nomadic_baron_female_crow;Baroness;;;;;;;;;;;;;x
nomadic_count_crow;Count;;;;;;;;;;;;;x
nomadic_count_female_crow;Countess;;;;;;;;;;;;;x
nomadic_duke_crow;Duke;;;;;;;;;;;;;x
nomadic_duke_female_crow;Duchess;;;;;;;;;;;;;x
nomadic_king_crow;Bacheeítche;;;;;;;;;;;;;x
nomadic_king_female_crow;Bacheeítche;;;;;;;;;;;;;x
nomadic_emperor_crow;Íipche Akeé;;;;;;;;;;;;;x
nomadic_emperor_female_crow;Íipche Akeé;;;;;;;;;;;;;

nomadic_barony_of_crow;Barony of;;;;;;;;;;;;;x
nomadic_county_of_crow;County of;;;;;;;;;;;;;x
nomadic_duchy_of_crow;Duchy of;;;;;;;;;;;;;x
nomadic_kingdom_of_crow;Ashkootáa of;;;;;;;;;;;;;x
nomadic_empire_of_crow;Isawúua of;;;;;;;;;;;;;x

nomadic_baron_northern_cheyenne;Baron;;;;;;;;;;;;;x
nomadic_baron_female_northern_cheyenne;Baroness;;;;;;;;;;;;;x
nomadic_count_northern_cheyenne;Count;;;;;;;;;;;;;x
nomadic_count_female_northern_cheyenne;Countess;;;;;;;;;;;;;x
nomadic_duke_northern_cheyenne;Duke;;;;;;;;;;;;;x
nomadic_duke_female_northern_cheyenne;Duchess;;;;;;;;;;;;;x
nomadic_king_northern_cheyenne;Véhoname;;;;;;;;;;;;;x
nomadic_king_female_northern_cheyenne;Véhoname;;;;;;;;;;;;;x
nomadic_emperor_northern_cheyenne;Véhonehomoséhe;;;;;;;;;;;;;x
nomadic_emperor_female_northern_cheyenne;Véhonehomoséhe;;;;;;;;;;;;;

nomadic_barony_of_northern_cheyenne;Barony of;;;;;;;;;;;;;x
nomadic_county_of_northern_cheyenne;County of;;;;;;;;;;;;;x
nomadic_duchy_of_northern_cheyenne;Duchy of;;;;;;;;;;;;;x
nomadic_kingdom_of_northern_cheyenne;Héstaneheo'o of;;;;;;;;;;;;;x
nomadic_empire_of_northern_cheyenne;Héstánóva of;;;;;;;;;;;;;x

nomadic_baron_cheyenne;Baron;;;;;;;;;;;;;x
nomadic_baron_female_cheyenne;Baroness;;;;;;;;;;;;;x
nomadic_count_cheyenne;Count;;;;;;;;;;;;;x
nomadic_count_female_cheyenne;Countess;;;;;;;;;;;;;x
nomadic_duke_cheyenne;Duke;;;;;;;;;;;;;x
nomadic_duke_female_cheyenne;Duchess;;;;;;;;;;;;;x
nomadic_king_cheyenne;Véhoname;;;;;;;;;;;;;x
nomadic_king_female_cheyenne;Véhoname;;;;;;;;;;;;;x
nomadic_emperor_cheyenne;Véhonehomoséhe;;;;;;;;;;;;;x
nomadic_emperor_female_cheyenne;Véhonehomoséhe;;;;;;;;;;;;;

nomadic_barony_of_cheyenne;Barony of;;;;;;;;;;;;;x
nomadic_county_of_cheyenne;County of;;;;;;;;;;;;;x
nomadic_duchy_of_cheyenne;Duchy of;;;;;;;;;;;;;x
nomadic_kingdom_of_cheyenne;Héstaneheo'o of;;;;;;;;;;;;;x
nomadic_empire_of_cheyenne;Héstánóva of;;;;;;;;;;;;;x

;;;;;;;;;;;;;; #YEE HAW

nomadic_baron_plainslander;Baron;;;;;;;;;;;;;x
nomadic_baron_female_plainslander;Baroness;;;;;;;;;;;;;x
nomadic_count_plainslander;Count;;;;;;;;;;;;;x
nomadic_count_female_plainslander;Countess;;;;;;;;;;;;;x
nomadic_duke_plainslander;Duke;;;;;;;;;;;;;x
nomadic_duke_female_plainslander;Duchess;;;;;;;;;;;;;x
nomadic_king_plainslander;Deputy;;;;;;;;;;;;;x
nomadic_king_female_plainslander;Deputy;;;;;;;;;;;;;x
nomadic_emperor_plainslander;Sheriff;;;;;;;;;;;;;x
nomadic_emperor_female_plainslander;Sheriff;;;;;;;;;;;;;

nomadic_barony_of_plainslander;Barony of;;;;;;;;;;;;;x
nomadic_county_of_plainslander;County of;;;;;;;;;;;;;x
nomadic_duchy_of_plainslander;Duchy of;;;;;;;;;;;;;x
nomadic_kingdom_of_plainslander;Deputation of;;;;;;;;;;;;;x
nomadic_empire_of_plainslander;Shrievalty of;;;;;;;;;;;;;x

tribal_baron_plainslander;Officer;;;;;;;;;;;;;x
tribal_baron_female_plainslander;Officer;;;;;;;;;;;;;x
tribal_count_plainslander;Deputy;;;;;;;;;;;;;x
tribal_count_female_plainslander;Deputy;;;;;;;;;;;;;x
tribal_duke_plainslander;Sheriff;;;;;;;;;;;;;x
tribal_duke_female_plainslander;Sheriff;;;;;;;;;;;;;x
tribal_king_plainslander;Ranger;;;;;;;;;;;;;x
tribal_king_female_plainslander;Ranger;;;;;;;;;;;;;x
tribal_emperor_plainslander;High Sheriff;;;;;;;;;;;;;x
tribal_emperor_female_plainslander;High Sheriff;;;;;;;;;;;;;x

tribal_barony_of_plainslander;Office of;;;;;;;;;;;;;x
tribal_county_of_plainslander;Deputation of;;;;;;;;;;;;;x
tribal_duchy_of_plainslander;Shrievalty of;;;;;;;;;;;;;x
tribal_kingdom_of_plainslander;Range of;;;;;;;;;;;;;x
tribal_empire_of_plainslander;High Shrievalty of;;;;;;;;;;;;;x

###########

nomadic_baron_mountainer;Baron;;;;;;;;;;;;;x
nomadic_baron_female_mountainer;Baroness;;;;;;;;;;;;;x
nomadic_count_mountainer;Count;;;;;;;;;;;;;x
nomadic_count_female_mountainer;Countess;;;;;;;;;;;;;x
nomadic_duke_mountainer;Duke;;;;;;;;;;;;;x
nomadic_duke_female_mountainer;Duchess;;;;;;;;;;;;;x
nomadic_king_mountainer;Deputy;;;;;;;;;;;;;x
nomadic_king_female_mountainer;Deputy;;;;;;;;;;;;;x
nomadic_emperor_mountainer;Sheriff;;;;;;;;;;;;;x
nomadic_emperor_female_mountainer;Sheriff;;;;;;;;;;;;;

nomadic_barony_of_mountainer;Barony of;;;;;;;;;;;;;x
nomadic_county_of_mountainer;County of;;;;;;;;;;;;;x
nomadic_duchy_of_mountainer;Duchy of;;;;;;;;;;;;;x
nomadic_kingdom_of_mountainer;Deputation of;;;;;;;;;;;;;x
nomadic_empire_of_mountainer;Shrievalty of;;;;;;;;;;;;;x

tribal_baron_mountainer;Caretaker;;;;;;;;;;;;;x
tribal_baron_female_mountainer;Caretaker;;;;;;;;;;;;;x
tribal_count_mountainer;Forester;;;;;;;;;;;;;x
tribal_count_female_mountainer;Forester;;;;;;;;;;;;;x
tribal_duke_mountainer;Watchman;;;;;;;;;;;;;x
tribal_duke_female_mountainer;Watchwoman;;;;;;;;;;;;;x
tribal_king_mountainer;Ranger;;;;;;;;;;;;;x
tribal_king_female_mountainer;Ranger;;;;;;;;;;;;;x
tribal_emperor_mountainer;Director;;;;;;;;;;;;;x
tribal_emperor_female_mountainer;Director;;;;;;;;;;;;;x

tribal_barony_of_mountainer;Park of;;;;;;;;;;;;;x
tribal_county_of_mountainer;Forest of;;;;;;;;;;;;;x
tribal_duchy_of_mountainer;Lookout of;;;;;;;;;;;;;x
tribal_kingdom_of_mountainer;Range of;;;;;;;;;;;;;x
tribal_empire_of_mountainer;National Park of;;;;;;;;;;;;;x

###########

nomadic_baron_west_texan;Baron;;;;;;;;;;;;;x
nomadic_baron_female_west_texan;Baroness;;;;;;;;;;;;;x
nomadic_count_west_texan;Count;;;;;;;;;;;;;x
nomadic_count_female_west_texan;Countess;;;;;;;;;;;;;x
nomadic_duke_west_texan;Duke;;;;;;;;;;;;;x
nomadic_duke_female_west_texan;Duchess;;;;;;;;;;;;;x
nomadic_king_west_texan;Deputy;;;;;;;;;;;;;x
nomadic_king_female_west_texan;Deputy;;;;;;;;;;;;;x
nomadic_emperor_west_texan;Sheriff;;;;;;;;;;;;;x
nomadic_emperor_female_west_texan;Sheriff;;;;;;;;;;;;;

nomadic_barony_of_west_texan;Barony of;;;;;;;;;;;;;x
nomadic_county_of_west_texan;County of;;;;;;;;;;;;;x
nomadic_duchy_of_west_texan;Duchy of;;;;;;;;;;;;;x
nomadic_kingdom_of_west_texan;Deputation of;;;;;;;;;;;;;x
nomadic_empire_of_west_texan;Shrievalty of;;;;;;;;;;;;;x

tribal_baron_west_texan;Officer;;;;;;;;;;;;;x
tribal_baron_female_west_texan;Officer;;;;;;;;;;;;;x
tribal_count_west_texan;Deputy;;;;;;;;;;;;;x
tribal_count_female_west_texan;Deputy;;;;;;;;;;;;;x
tribal_duke_west_texan;Sheriff;;;;;;;;;;;;;x
tribal_duke_female_west_texan;Sheriff;;;;;;;;;;;;;x
tribal_king_west_texan;Ranger;;;;;;;;;;;;;x
tribal_king_female_west_texan;Ranger;;;;;;;;;;;;;x
tribal_emperor_west_texan;High Sheriff;;;;;;;;;;;;;x
tribal_emperor_female_west_texan;High Sheriff;;;;;;;;;;;;;x

tribal_barony_of_west_texan;Office of;;;;;;;;;;;;;x
tribal_county_of_west_texan;Deputation of;;;;;;;;;;;;;x
tribal_duchy_of_west_texan;Shrievalty of;;;;;;;;;;;;;x
tribal_kingdom_of_west_texan;Range of;;;;;;;;;;;;;x
tribal_empire_of_west_texan;High Shrievalty of;;;;;;;;;;;;;x

#########

nomadic_baron_texgerman;Baron;;;;;;;;;;;;;x
nomadic_baron_female_texgerman;Baroness;;;;;;;;;;;;;x
nomadic_count_texgerman;Count;;;;;;;;;;;;;x
nomadic_count_female_texgerman;Countess;;;;;;;;;;;;;x
nomadic_duke_texgerman;Duke;;;;;;;;;;;;;x
nomadic_duke_female_texgerman;Duchess;;;;;;;;;;;;;x
nomadic_king_texgerman;Deputy;;;;;;;;;;;;;x
nomadic_king_female_texgerman;Deputy;;;;;;;;;;;;;x
nomadic_emperor_texgerman;Sheriff;;;;;;;;;;;;;x
nomadic_emperor_female_texgerman;Sheriff;;;;;;;;;;;;;

nomadic_barony_of_texgerman;Barony of;;;;;;;;;;;;;x
nomadic_county_of_texgerman;County of;;;;;;;;;;;;;x
nomadic_duchy_of_texgerman;Duchy of;;;;;;;;;;;;;x
nomadic_kingdom_of_texgerman;Deputation of;;;;;;;;;;;;;x
nomadic_empire_of_texgerman;Shrievalty of;;;;;;;;;;;;;x

tribal_baron_texgerman;Officer;;;;;;;;;;;;;x
tribal_baron_female_texgerman;Officer;;;;;;;;;;;;;x
tribal_count_texgerman;Deputy;;;;;;;;;;;;;x
tribal_count_female_texgerman;Deputy;;;;;;;;;;;;;x
tribal_duke_texgerman;Sheriff;;;;;;;;;;;;;x
tribal_duke_female_texgerman;Sheriff;;;;;;;;;;;;;x
tribal_king_texgerman;Ranger;;;;;;;;;;;;;x
tribal_king_female_texgerman;Ranger;;;;;;;;;;;;;x
tribal_emperor_texgerman;High Sheriff;;;;;;;;;;;;;x
tribal_emperor_female_texgerman;High Sheriff;;;;;;;;;;;;;x

tribal_barony_of_texgerman;Office of;;;;;;;;;;;;;x
tribal_county_of_texgerman;Deputation of;;;;;;;;;;;;;x
tribal_duchy_of_texgerman;Shrievalty of;;;;;;;;;;;;;x
tribal_kingdom_of_texgerman;Range of;;;;;;;;;;;;;x
tribal_empire_of_texgerman;High Shrievalty of;;;;;;;;;;;;;x

ozark;Ozark;;;;;;;;;;;;x
bourbon;Bourbon;;;;;;;;;;;;x
kaintucker;Kaintucker;;;;;;;;;;;;x
nashvillian;Nashviller;;;;;;;;;;;;x
affrilachian;Huntsviller;;;;;;;;;;;;x
gatewayer;Gatewayer;;;;;;;;;;;;x
newfindler;Newfie;;;;;;;;;;;;x;
southron;Oldominionite;;;;;;;;;;;;x;
crabber;Crabber;;;;;;;;;;;;x;
buffian;Niagaran;;;;;;;;;;;;x;
finger_laker;Fingerlaiker;;;;;;;;;;;;x;
hudsunite;Hudsunite;;;;;;;;;;;;x;
adirondacker;Adirondacker;;;;;;;;;;;;x;
oneida;Onyota'a:ka;;;;;;;;;;;;x;
mohawk;Kanien'kehá:ka;;;;;;;;;;;;x;
seneca;Onödowá'ga;;;;;;;;;;;;x;
cayuga;Gayogohó:no';;;;;;;;;;;;x;
haudenosaunee;Haudenosaunee;;;;;;;;;;;;x;
michigander;Michigander;;;;;;;;;;;;x;
rustman;Rustman;;;;;;;;;;;;x;
hoi_toider;Hoi Toider;;;;;;;;;;;;x;
westerosi_valyrian;Westerosi-Valyrian;;;;;;;;;;;;x;
amerogerman;Amerodeutsch;;;;;;;;;;;;x;
pennsilfaanisch;Pennsilfaanisch;;;;;;;;;;;;x;
keystoner;Keystoner;;;;;;;;;;;;x;
yitzer;Yinzer;;;;;;;;;;;;x;
bahamian;Bahamian;;;;;;;;;;;;x;
ontarian;Ontarian;;;;;;;;;;;;x;
doggerlander;Doggersker;;;;;;;;;;;;x;
euro-nordic;Euro-Nordic;;;;;;;;;;;;x;
vinlander;Vymlander;;;;;;;;;;;;x;
marklander;Markman;;;;;;;;;;;;x;
michigaanisch;Michigaanisch;;;;;;;;;;;;x;
chamerian;Chamerian;;;;;;;;;;;;x;
amero_baltic;Amero-Baltic;;;;;;;;;;;;x;
lietuvin;Lietuvin;;;;;;;;;;;;x;
aroostois;Aroostois;;;;;;;;;;;;x;
eastern_algonquian;Eastern Algonquian;;;;;;;;;;;;x;
penobscot;Panawahpskewi;;;;;;;;;;;;x;
hindi;Hindi;;;;;;;;;;;;x;
amero_arabic;Amriqi;;;;;;;;;;;;x;
amero_hebraic;Amero-Hebraic;;;;;;;;;;;;x;
mizrahi;Mizrahi;;;;;;;;;;;;x;
misryeen;Misryeen;;;;;;;;;;;;x;
catskiller;Catskiller;;;;;;;;;;;;x;
watchers;Watcher;;;;;;;;;;;;x;
amero_slavic;Amero-Slavic;;;;;;;;;;;;x;
slovanksy;Slovenski;;;;;;;;;;;;x;
czechoslovak;Sloveency;;;;;;;;;;;;x;
muskogean;Muskogean;;;;;;;;;;;;x;
muskogee;Mvskoke;;;;;;;;;;;;x;
seminole;Seminole;;;;;;;;;;;;x;
czeskoslovensky;Czeskoslovensky;;;;;;;;;;;;x;
jugoslavenski;Jugoslavenski;;;;;;;;;;;;x;
caribeno;Caribeño;;;;;;;;;;;;x;
cubano;Cubano;;;;;;;;;;;;x;
oriental;Oriental;;;;;;;;;;;;x;
dominicano;Dominicano;;;;;;;;;;;;x;
franco_caribbean;Franco-Caraibes;;;;;;;;;;;;x;
antillais;Antillais;;;;;;;;;;;;x;
haitian;Ayisyen;;;;;;;;;;;;x;
jamaican;Jamiekan;;;;;;;;;;;;x;
caribbanglo;Caribbanglo;;;;;;;;;;;;x;
raizal;Raizal;;;;;;;;;;;;x;
boricua;Boricua;;;;;;;;;;;;x;
anglo_caribbean;Anglo-Caribbean;;;;;;;;;;;;x;
franco_canadian;Franco-Canadien;;;;;;;;;;;;x;
illinoisais;Illinoisais;;;;;;;;;;;;x;
badgerlander;Badgerlander;;;;;;;;;;;;x;
thunderlander;Thunderlander;;;;;;;;;;;;x;
yooper;Yooper;;;;;;;;;;;;x;
lakeman;Lakeman;;;;;;;;;;;;x;
ameropolski;Jeziorni;;;;;;;;;;;;x;
florintoi;Florintoi;;;;;;;;;;;;x;
intianoi;Intiánoi;;;;;;;;;;;;x;
lil_egyptian;Egyptian;;;;;;;;;;;;x;
nortarian;Nortarian;;;;;;;;;;;;x;
mikmaq;Mi'kmaq;;;;;;;;;;;;x;
ojibwe;Ojibwe;;;;;;;;;;;;x;
nipissing;Niipsing;;;;;;;;;;;;x;
algonquin;Anicinâbemowin;;;;;;;;;;;;x;
eastern_cree;Iyiyu;;;;;;;;;;;;x;
innu;Innu;;;;;;;;;;;;x;
moose_cree;Ililiw;;;;;;;;;;;;x;
cree;Cree;;;;;;;;;;;;x;
chippewa;Anishinaabemowin;;;;;;;;;;;;x;
saulteaux;Nakawemowin;;;;;;;;;;;;x;
potawatomi;Bodéwadmi;;;;;;;;;;;;x;
odawa;Daawaamwin;;;;;;;;;;;;x;
tennessee_korean;Tenesijuin;;;;;;;;;;;;x;
amero_koreanic;Amero-Koreanic;;;;;;;;;;;;x;
amero_koreanic_FEATURES;§Y*§! Can Castrate prisoners.;;;;;;;;;;;;x;
amero_finno_ugric;Amero-Finno-Ugric;;;;;;;;;;;;x;
amcsi;Amcsi;;;;;;;;;;;;x;
yupi;Yuopi;;;;;;;;;;;;x;
mishyghani;Mishighani;;;;;;;;;;;;x;
desi;Desin;;;;;;;;;;;;x;
darijois;Jantalonois;;;;;;;;;;;;x;
yiddish_QC;Neo-Zarphatic;;;;;;;;;;;;x;
kanadier;Kanadier;;;;;;;;;;;;x;
jayhawker;Jayhawker;;;;;;;;;;;;x;
plattean;Plattean;;;;;;;;;;;;x;
cornhusker;Cornhusker;;;;;;;;;;;;x;
caddoan;Caddoan;;;;;;;;;;;;x;
caddo;Hasí:nay;;;;;;;;;;;;x;
wichita;Kitikiti'sh;;;;;;;;;;;;x;
choctaw;Chahta;;;;;;;;;;;;x;
chickasaw;Chikashsha;;;;;;;;;;;;x;
quapaw;Ogáxpa;;;;;;;;;;;;x;
shawnee;Sawanwa;;;;;;;;;;;;x;
osage;Wažáže;;;;;;;;;;;;x;
omaha;Umoho;;;;;;;;;;;;x;
fox;Othâkîwaki;;;;;;;;;;;;x;
plains_apache;Na'isha;;;;;;;;;;;;x;
kiowa;Cáuigú;;;;;;;;;;;;x;
comanche;Numunuu;;;;;;;;;;;;x;
arapaho;Hinono'eino;;;;;;;;;;;;x;
cheyenne;Heévâhetaneo'o;;;;;;;;;;;;x;
okie;Okie;;;;;;;;;;;;x;
plains_algonquian;Plains Algonquian;;;;;;;;;;;;x;
numic;Numic;;;;;;;;;;;;x;
tanoan;Tanoan;;;;;;;;;;;;x;
southern_athabaskan;Southern Athabaskan;;;;;;;;;;;;x;
menominee;Mamaceqtaw;;;;;;;;;;;;x;
chiwere;Jíwere;;;;;;;;;;;;x;
winnebago;Hoocak;;;;;;;;;;;;x;
amero_japonic;Amero-Japonic;;;;;;;;;;;;x;
amero_japonic_FEATURES;§Y*§! Can Castrate prisoners.\n§Y*§! This culture deeply believes in the concept of honour on the battlefield;;;;;;;;;;;;x;
kanadajin;Kanadajin;;;;;;;;;;;;x;
amero_aramaic;Amero-Aramaic;;;;;;;;;;;;x;
ameroassyrian;Amesurayan;;;;;;;;;;;;x;
chicano;Chicano;;;;;;;;;;;;x;
arizonense;Arizonense;;;;;;;;;;;;x;
neomexicano;Neomexicano;;;;;;;;;;;;x;
keres;Keres;;;;;;;;;;;;x;
zuni;Shiwi'ma;;;;;;;;;;;;x;
towa;Towa;;;;;;;;;;;;x;
tewa;Tewa;;;;;;;;;;;;x;
tiwa;Tiwa;;;;;;;;;;;;x;
mescalero;Naa'dahéndé;;;;;;;;;;;;x;
jicarilla;Abáachi;;;;;;;;;;;;x;
navajo;Diné;;;;;;;;;;;;x;
newmexican;New Mexican;;;;;;;;;;;;x;
norteno;Norteño;;;;;;;;;;;;x;
oaxaqueno;Fraylescano;;;;;;;;;;;;x;
mephaa;Me'phaa;;;;;;;;;;;;x;
amuzgo;Ñondá;;;;;;;;;;;x;
sonorense;Sonorense;;;;;;;;;;;;x;
sinaloense;Sinaloense;;;;;;;;;;;;x;
north_mexican;North Mexicano;;;;;;;;;;;;x;
tejano;Tejano;;;;;;;;;;;;x;
regio;Regio;;;;;;;;;;;;x;
west_texan;West Texan;;;;;;;;;;;;x;
west_texan_opinion;[west_texan.GetGroupName] Opinion;;;;;;;;;;;;x;
ranchlander;Ranchlander;;;;;;;;;;;;x;
dallasian;Dallasian;;;;;;;;;;;;x;
houstonian;Houstonian;;;;;;;;;;;;x;
east_texan;East Texan;;;;;;;;;;;;x;
east_texan_opinion;[east_texan.GetGroupName] Opinion;;;;;;;;;;;;x;
wiscongerman;Wüchkanischer;;;;;;;;;;;;x;
amero_hmongic;Amero-Hmongic;;;;;;;;;;;;x;
amero_hmongic_FEATURES;§Y*§! Can Castrate prisoners.;;;;;;;;;;;;x;
hmong;Hmong;;;;;;;;;;;;x;
amero_cushitic;Amero-Cushitic;;;;;;;;;;;;x;
somali;Soomaali;;;;;;;;;;;;x;
crow;Apsáalooke;;;;;;;;;;;;x;
blackfoot;Niitsitapi;;;;;;;;;;;;x;
haida_group;Haida;;;;;;;;;;;;x;
haida;Xaayda;;;;;;;;;;;;x;

# Haida stuff
count_haida;'Láanaa;;;;;;;;;x
count_female_haida;'Láanaa;;;;;;;;;x
duke_haida;Íitl'aagíid;;;;;;;;;x
duke_female_haida;Íitl'aagíid;;;;;;;;;x
king_haida;Gidansda;;;;;;;;;x
king_female_haida;Gidansda;;;;;;;;;x
emperor_haida;K'ul;;;;;;;;;x
emperor_female_haida;K'ul;;;;;;;;;x
county_of_haida;'Láanaa of;;;;;;;;;;x
duchy_of_haida;Tlagáa of;;;;;;;;;;x
kingdom_of_haida;Tlag'áang of;;;;;;;;;;x
empire_of_haida;Í'waan Tlag'áang of;;;;;;;;;;x

tsimshianic;Tsimshianic;;;;;;;;;;;;x;
tsimshian;Ts'msyan;;;;;;;;;;;;x;
haisla;Xa'isla;;;;;;;;;;;;x;
wakashan;Wakashan;;;;;;;;;;;;x;
nootka;Nuuchahnul'ath;;;;;;;;;;;;x;
kwakwala;Kwakwaka'wakw;;;;;;;;;;;;x;
nisgaa;Nisga'a;;;;;;;;;;;;x;
gitxsan;Gitxsan;;;;;;;;;;;;x;
northwest_anglo;Northwest Anglo;;;;;;;;;;;;x;
alaskan;Ulaskun;;;;;;;;;;;;x;
wescoaster;Wescoaster;;;;;;;;;;;;x;
tlingit_group;Tlingit;;;;;;;;;;;;x;
tlingit;Tlingit;;;;;;;;;;;;x;
south_tsimshian;Sgüüxs;;;;;;;;;;;;x;
memphisan;Memphisian;;;;;;;;;;;;x;
lipan;Lépai-Ndé;;;;;;;;;;;;x;
tunica-biloxi;Yoroniku-Halayihku;;;;;;;;;;;;x;
natchez_group;Natchez;;;;;;;;;;;;x;
natchez;Na'šceh;;;;;;;;;;;;x;
alabama;Albaamo;;;;;;;;;;;;x;
koasati;Kowassá:ti;;;;;;;;;;;;x;
prairiegerman;Präriedeutsch;;;;;;;;;;;;x;
teksaski;Teksaski;;;;;;;;;;;;x;
medyar;Medyar;;;;;;;;;;;;x;
lenape;Lënape;;;;;;;;;;;;x;
heiltsuk;Haílzaqv;;;;;;;;;;;;x;
miami;Myaamia;;;;;;;;;;;;x;
peoria;Peewaalia;;;;;;;;;;;;x;
lakota;Lakhóta;;;;;;;;;;;;x;
lakota_opinion;Lakotah Opinion;;;;;;;;;;;;x
dakota;Dakhóta;;;;;;;;;;;;x;
hidatsa;Hiraacá;;;;;;;;;;;;x;
mandan;Nuu'etaa;;;;;;;;;;;;x;
arikara;Sáhniš;;;;;;;;;;;;x;
dakotan;Dakotan;;;;;;;;;;;;x;
northern_cheyenne;Ohmésehese;;;;;;;;;;;;x;
mountainer;Mountainer;;;;;;;;;;;;x;
montane;Montane;;;;;;;;;;;;x;
eastern_shoshone;Kutsindüka;;;;;;;;;;;;x;
northern_arapaho;Hoteiniiciihehe';;;;;;;;;;;;x;
assiniboine;Nakón;;;;;;;;;;;;x;
gros_ventre;A'aaniinénna;;;;;;;;;;;;x;
northern_athabaskan;Northern Athabaskan;;;;;;;;;;;;x;
tsuutina;Tsúut'ína;;;;;;;;;;;;x;
dane-zaa;Dane-zaa;;;;;;;;;;;;x;
plains_cree;Paskwawiyiniwak;;;;;;;;;;;;x;
west_coaster;West Canuck;;;;;;;;;;;;x;
plains_canuck;Plains Canuck;;;;;;;;;;;;x;
plains_canuck_opinion;[plains_canuck.GetGroupName] Opinion;;;;;;;;;;;;x;
albertan;Albertan;;;;;;;;;;;;x;
nakoda;Îyârhe;;;;;;;;;;;;x;
flatlander;Flatlander;;;;;;;;;;;;x;
chipewyan;Dënesulinë;;;;;;;;;;;;x;
michif;Michif;;;;;;;;;;;;x;
metis;Métis;;;;;;;;;;;;x;
woodlands_cree;Sakawithiniwak;;;;;;;;;;;;x;
preriyskiy;Preriyskiy;;;;;;;;;;;;x;
chilcotin;Tsilhqot'in;;;;;;;;;;;;x;
babine;Nedut'en;;;;;;;;;;;;x;
witsuwiten;Witsuwit'en;;;;;;;;;;;;x;
dakelh;Dakelh;;;;;;;;;;;;x;
salishan;Salishan;;;;;;;;;;;;x;
nuxalk;Nuxalk;;;;;;;;;;;;x;
sekani;Tse'khene;;;;;;;;;;;;x;
interior;Interior;;;;;;;;;;;;x;
shuswap;Secwépemc;;;;;;;;;;;;x;
beesian;Beesian;;;;;;;;;;;;x;
squamish;Skwxwú7mesh;;;;;;;;;;;;x;
sechelt;Shíshálh;;;;;;;;;;;;x;
halkomelem;Hal'qeméylem;;;;;;;;;;;;x;
comox;K'ómoks;;;;;;;;;;;;x;
saanich;WSÁNEC;;;;;;;;;;;;x;
lummi;Xwlemi;;;;;;;;;;;;x;
thompson;Nlaka'pamux;;;;;;;;;;;;x;
lillooet;St'át'imc;;;;;;;;;;;;x;
okanagan;Syilx;;;;;;;;;;;;x;
montana;Séliš;;;;;;;;;;;;x;
kootenay;Kootenay;;;;;;;;;;;;x;
kutenai;Ktunaxa;;;;;;;;;;;;x;
neo-latin;Neolatinum;;;;;;;;;;;;x;
neo-latin_opinion;[neo-latin.GetGroupName] Opinion;;;;;;;;;;;;x;
canadensium;Canadensium;;;;;;;;;;;;x;
doukhobors;Duhobor;;;;;;;;;;;;x;
ashkenazi;Ashkenazi;;;;;;;;;;;;x;
makah;Qwidichcha'ahtx;;;;;;;;;;;;x;
quinault;Kwinayl;;;;;;;;;;;;x;
cascasian;Puburen;;;;;;;;;;;;x;
manzanero;Manzanero;;;;;;;;;;;;x;
olympian;Olympian;;;;;;;;;;;;x;
cascadian;Cascadian;;;;;;;;;;;;x;
pugetian;Pugetian;;;;;;;;;;;;x;
chinookan;Chinookan;;;;;;;;;;;;x;
chinook;Tsinúk;;;;;;;;;;;;x;
sahaptian;Sahaptian;;;;;;;;;;;;x;
umatilla;Ímatalam;;;;;;;;;;;;x;
nez_perce;Nimíipuu;;;;;;;;;;;;x;
yakama;Mamachatpam;;;;;;;;;;;;x;
lincolnite;Lincolnite;;;;;;;;;;;;x;
panhandler;Panhandler;;;;;;;;;;;;x;
roselander;Roselander;;;;;;;;;;;;x;
montanum;Montanum;;;;;;;;;;;;x;
fluridani;Fluridani;;;;;;;;;;;;x;
ute;Núuchi;;;;;;;;;;;;x
westsloper;Westsloper;;;;;;;;;;;;x
westsloper_opinion;[westsloper.GetName] Opinion;;;;;;;;;;;;x
frontranger;Frontranger;;;;;;;;;;;;x
frontranger_opinion;[frontranger.GetName] Opinion;;;;;;;;;;;;
euro_hispanophone;Euro-Hispanophone;;;;;;;;;;;;x
andalu;Andalu;;;;;;;;;;;;x
amero_nordic;Amero-Nordic;;;;;;;;;;;;x
swedska;Swedska;;;;;;;;;;;;x
norwsk;Norwsk;;;;;;;;;;;;x
amero_iranic;Amero-Iranic;;;;;;;;;;;;x
amero_iranic_opinion;[amero_iranic.GetGroupName] Opinion;;;;;;;;;;;;x
farsi;Farsi;;;;;;;;;;;;x
karulaynasi;Karulaynasi;;;;;;;;;;;;x
amero_turkic;Amero-Turkic;;;;;;;;;;;;x
ny_turkish;Türk;;;;;;;;;;;;x
oji-cree;Anishininiimowin;;;;;;;;;;;;x
western_shoshone;Newe;;;;;;;;;;;;x
goshute;Kutsipiuti;;;;;;;;;;;;x
northern_paiute;Numu;;;;;;;;;;;;x
utahn;Yutan;;;;;;;;;;;;x
southern_paiute;Nuwuvi;;;;;;;;;;;;x
northern_shoshone;Akaitikka;;;;;;;;;;;;x
snakelander;Snakelander;;;;;;;;;;;;x
battleborn;Battleborn;;;;;;;;;;;;x
chutean;Chutean;;;;;;;;;;;;x
renoite;Renoite;;;;;;;;;;;;x
great_basin;Great Basin;;;;;;;;;;;;x
wyomingite;Wyomingite;;;;;;;;;;;;x
upper_chinook;Kiksht;;;;;;;;;;;;x
tenino;Tinainu;;;;;;;;;;;;x
buckaroo;Buckaroo;;;;;;;;;;;;x
yuman;Yuman;;;;;;;;;;;;x
maricopa;Piipaash;;;;;;;;;;;;x
western_apache;Indé;;;;;;;;;;;;x
chiricahua;Néndé;;;;;;;;;;;;x
oodham;O'odham;;;;;;;;;;;;x
piman;Piman;;;;;;;;;;;;x
puebloan;Puebloan;;;;;;;;;;;;x
mohave;Hamakhav;;;;;;;;;;;;x
havasupai;Havsuw' Baaja;;;;;;;;;;;;x
hualapai;Hwalbáy;;;;;;;;;;;;x
yavapai;Yavapai;;;;;;;;;;;;x
hopi_group;Hopi;;;;;;;;;;;;x
hopi;Hopi;;;;;;;;;;;;x
oregonite;Oregonite;;;;;;;;;;;;x
texgerman;Texasdeutsch;;;;;;;;;;;;x
tiksasi;Tiksasi;;;;;;;;;;;;x
californio_group;Hispanifornian;;;;;;;;;;;;x
californian;Anglofornian;;;;;;;;;;;;x
angeleno;Angeleno;;;;;;;;;;;;x
californio;Calexicano;;;;;;;;;;;;x
bajano;Choyero;;;;;;;;;;;x
ranchero;Ranchero;;;;;;;;;;;;x
mojavean;Mohavean;;;;;;;;;;;;x
joaquino;Joaquino;;;;;;;;;;;;x
mono;Nüümü;;;;;;;;;;;;x
kawaiisu;Nüwa;;;;;;;;;;;;x
quechan;Kwatsáan;;;;;;;;;;;;x
siliconite;Siliconite;;;;;;;;;;;;x
goldengater;Goldengater;;;;;;;;;;;;x
valleyan;Valleyan;;;;;;;;;;;;x
winelander;Winelander;;;;;;;;;;;;x
redwood;Redwood;;;;;;;;;;;;x
hupa;Natinixwe;;;;;;;;;;;;x
pacific_athabaskan;Pacific Coast Athabaskan;;;;;;;;;;;;x
siletz;Siletz;;;;;;;;;;;;x
pomoan;Pomoan;;;;;;;;;;;;x
pomo;Pomo;;;;;;;;;;;;x
karukan;Karukan;;;;;;;;;;;;x
karuk;Araráhih;;;;;;;;;;;;x
yurokan;Yurokan;;;;;;;;;;;;x
yurok;'Oolekwoh;;;;;;;;;;;;x
shastan;Shastan;;;;;;;;;;;;x
miwok;Miwok;;;;;;;;;;;;x
amero_armenian;Amero-Armenian;;;;;;;;;;;;x
amero_armenian_FEATURES;§Y*§! Can Blind prisoners.\n§Y*§! Can Castrate prisoners.;;;;;;;;;;;;x
armenifornian;Kalifornihayeren;;;;;;;;;;;;x
amero_coptic;Amero-Coptic;;;;;;;;;;;;x
coptifornian;Niremenkhemi;;;;;;;;;;;;x
amero_philippine;Amero-Philippine;;;;;;;;;;;;x
pinoy;Pinoy;;;;;;;;;;;;x
chinafornian;Jialifuniya-ren;;;;;;;;;;;;x
amero_vietic;Amero-Vietic;;;;;;;;;;;;x
amero_vietic_FEATURES;§Y*§! Can Castrate prisoners.;;;;;;;;;;;;x
viet_kieu;Viet Kieu;;;;;;;;;;;;x
chumashan;Chumashan;;;;;;;;;;;;x
chumash;Chumash;;;;;;;;;;;;x
yokutian;Yokutian;;;;;;;;;;;;x
yokuts;Yokuts;;;;;;;;;;;;x
trinitean;Trinitean;;;;;;;;;;;;x
ohlone;Ohlone;;;;;;;;;;;;x
indo_american_group;Indomerican;;;;;;;;;;;;x
kailiphorani;Kailiphorani;;;;;;;;;;;;x
czexan;Czexan;;;;;;;;;;;;x
kairebiyan;Kairebiyan;;;;;;;;;;;;x
mohican;Muhhekunneuw;;;;;;;;;;;;x
huron;Wyandot;;;;;;;;;;;;x
kurdish_american;Kurd;;;;;;;;;;;;x
nikkeiamerikajin;Kariforuniajin;;;;;;;;;;;;x
baleazale;Baleazale;;;;;;;;;;;;x
neo_sefardi;Sefardi;;;;;;;;;;;;x
amero_italic;Amero-Italic;;;;;;;;;;;;x
amero_italic_FEATURES;§Y*§! Can create mercenary bands;;;;;;;;;;;;;;;;;;
amero_italic_opinion;[amero_italic.GetGroupName] Opinion;;;;;;;;;x
lungano;Lungano;;;;;;;;;;;;x
lungano_opinion;[lungano.GetName] Opinion;;;;;;;;;x

king_lungano;Reghi;;;;;;;;;;;;;x
king_female_lungano;Riggina;;;;;;;;;;;;;x
kingdom_of_lungano;Regnu di;;;;;;;;;;;;;x
duke_lungano;Duca;;;;;;;;;;;;;x
duke_female_lungano;Duchessa;;;;;;;;;;;;;x
duchy_of_lungano;Ducatu di;;;;;;;;;;;;;x
count_lungano;Conte;;;;;;;;;;;;;x
count_female_lungano;Contessa;;;;;;;;;;;;;x
county_of_lungano;Contado di;;;;;;;;;;;;;x
emperor_lungano;Imperatore;;;;;;;;;;;;;x
emperor_female_lungano;Imperatrice;;;;;;;;;;;;;x
empire_of_lungano;Imperiu di;;;;;;;;;;;;;x

#Mississippian Titles
count_prairielander;Lord;Lord;Lord;;Lord;;;;;;;;;x
count_female_prairielander;Lady;Lady;Lady;;Lady;;;;;;;;;x
county_of_prairielander;Lordship of;Lordship of;Lordship of;;Lordship of;;;;;;;;;x
duke_prairielander;Governor;Governor;Governor;;Governor;;;;;;;;;x
duke_female_prairielander;Governess;Governess;Governess;;Governess;;;;;;;;;x
duchy_of_prairielander;Governorship of;Governorship of;Governorship of;;Governorship of;;;;;;;;;x
king_prairielander;Grand Prince;Grand Prince;Grand Prince;;Grand Prince;;;;;;;;;x
king_female_prairielander;Grand Princess;Grand Princess;Grand Princess;;Grand Princess;;;;;;;;;x
kingdom_of_prairielander;Principality of;Principality of;Principality of;;Principality of;;;;;;;;;x
emperor_prairielander;Azure Emperor;Azure Emperor;Azure Emperor;;Azure Emperor;;;;;;;;;x
emperor_female_prairielander;Azure Empress;Azure Empress;Azure Empress;;Azure Empress;;;;;;;;;x

count_hoosier;Lord;Lord;Lord;;Lord;;;;;;;;;x
count_female_hoosier;Lady;Lady;Lady;;Lady;;;;;;;;;x
county_of_hoosier;Lordship of;Lordship of;Lordship of;;Lordship of;;;;;;;;;x
duke_hoosier;Governor;Governor;Governor;;Governor;;;;;;;;;x
duke_female_hoosier;Governess;Governess;Governess;;Governess;;;;;;;;;x
duchy_of_hoosier;Governorship of;Governorship of;Governorship of;;Governorship of;;;;;;;;;x
king_hoosier;Grand Prince;Grand Prince;Grand Prince;;Grand Prince;;;;;;;;;x
king_female_hoosier;Grand Princess;Grand Princess;Grand Princess;;Grand Princess;;;;;;;;;x
kingdom_of_hoosier;Principality of;Principality of;Principality of;;Principality of;;;;;;;;;x
emperor_hoosier;Azure Emperor;Azure Emperor;Azure Emperor;;Azure Emperor;;;;;;;;;x
emperor_female_hoosier;Azure Empress;Azure Empress;Azure Empress;;Azure Empress;;;;;;;;;x

count_lil_egyptian;Lord;Lord;Lord;;Lord;;;;;;;;;x
count_female_lil_egyptian;Lady;Lady;Lady;;Lady;;;;;;;;;x
county_of_lil_egyptian;Lordship of;Lordship of;Lordship of;;Lordship of;;;;;;;;;x
duke_lil_egyptian;Governor;Governor;Governor;;Governor;;;;;;;;;x
duke_female_lil_egyptian;Governess;Governess;Governess;;Governess;;;;;;;;;x
duchy_of_lil_egyptian;Governorship of;Governorship of;Governorship of;;Governorship of;;;;;;;;;x
king_lil_egyptian;Grand Prince;Grand Prince;Grand Prince;;Grand Prince;;;;;;;;;x
king_female_lil_egyptian;Grand Princess;Grand Princess;Grand Princess;;Grand Princess;;;;;;;;;x
kingdom_of_lil_egyptian;Principality of;Principality of;Principality of;;Principality of;;;;;;;;;x
emperor_lil_egyptian;Azure Pharaoh;Azure Pharaoh;Azure Pharaoh;;Azure Pharaoh;;;;;;;;;x
emperor_female_lil_egyptian;Azure Pharaoh;Azure Pharaoh;Azure Pharaoh;;Azure Pharaoh;;;;;;;;;x

count_memphisan;Lord;Lord;Lord;;Lord;;;;;;;;;x
count_female_memphisan;Lady;Lady;Lady;;Lady;;;;;;;;;x
county_of_memphisan;Lordship of;Lordship of;Lordship of;;Lordship of;;;;;;;;;x
duke_memphisan;Governor;Governor;Governor;;Governor;;;;;;;;;x
duke_female_memphisan;Governess;Governess;Governess;;Governess;;;;;;;;;x
duchy_of_memphisan;Governorship of;Governorship of;Governorship of;;Governorship of;;;;;;;;;x
king_memphisan;Grand Prince;Grand Prince;Grand Prince;;Grand Prince;;;;;;;;;x
king_female_memphisan;Grand Princess;Grand Princess;Grand Princess;;Grand Princess;;;;;;;;;x
kingdom_of_memphisan;Principality of;Principality of;Principality of;;Principality of;;;;;;;;;x
emperor_memphisan;High King;High King;High King;;High King;;;;;;;;;x
emperor_female_memphisan;High Queen;High Queen;High Queen;;High Queen;;;;;;;;;x

#Gibborim
king_gibborim;Ba'al;;;;;;;;;;;;;x
king_female_gibborim;Ba'alah;;;;;;;;;;;;;x
kingdom_of_gibborim;Ba'aldom of;;;;;;;;;;;;;x
duke_gibborim;Melqart;;;;;;;;;;;;;x
duke_female_gibborim;Attart;;;;;;;;;;;;;x
duchy_of_gibborim;Melqartate of;;;;;;;;;;;;;x
count_gibborim;Lord;;;;;;;;;;;;;x
count_female_gibborim;Lady;;;;;;;;;;;;;x
county_of_gibborim;Lordship of;;;;;;;;;;;;;x
emperor_gibborim;Naphil;;;;;;;;;;;;;x
emperor_female_gibborim;Naphilah;;;;;;;;;;;;;x
empire_of_gibborim;Naphildom of;;;;;;;;;;;;;x
baron_gibborim;Chief;;;;;;;;;;;;;x
baron_female_gibborim;Chieftess;;;;;;;;;;;;;x
barony_of_gibborim;Chiefdom of;;;;;;;;;;;;;x
temple_barony_of_gibborim;Grove of;;;;;;;;;;;;;x
temple_baron_gibborim;Snakehandler;;;;;;;;;;;;;x
temple_county_of_gibborim;Grand Grove of;;;;;;;;;;;;;x
temple_count_gibborim;Great Snakehandler;;;;;;;;;;;;;x
temple_duchy_of_gibborim;Bonfire of;;;;;;;;;;;;;x
temple_duke_gibborim;Priest-Lord;;;;;;;;;;;;;x
temple_kingdom_of_gibborim;Great Bonfire of;;;;;;;;;;;;;x
temple_king_gibborim;Priest-King;;;;;;;;;;;;;x

#Abolitionist
king_abolitionist;Governor;;;;;;;;;;;;;x
king_female_abolitionist;Governess;;;;;;;;;;;;;x
kingdom_of_abolitionist;Free State of;;;;;;;;;;;;;x
duke_abolitionist;Director;;;;;;;;;;;;;x
duke_female_abolitionist;Director;;;;;;;;;;;;;x
duchy_of_abolitionist;District of;;;;;;;;;;;;;x
count_abolitionist;Organizer;;;;;;;;;;;;;x
count_female_abolitionist;Organizer;;;;;;;;;;;;;x
emperor_abolitionist;Union President;;;;;;;;;;;;;x
emperor_female_abolitionist;Union President;;;;;;;;;;;;;x
empire_of_abolitionist;Free Union of;;;;;;;;;;;;;x
temple_barony_of_abolitionist;Congregation of;;;;;;;;;;;;;x
temple_baron_abolitionist;Preacher;;;;;;;;;;;;;x

#Technopolitan
king_technopolitan;Ceyo;;;;;;;;;;;;;x
king_female_technopolitan;Ceyo;;;;;;;;;;;;;x
kingdom_of_technopolitan;Corporation of;;;;;;;;;;;;;x
duke_technopolitan;Commissioner;;;;;;;;;;;;;x
duke_female_technopolitan;Commissioner;;;;;;;;;;;;;x
duchy_of_technopolitan;Company of;;;;;;;;;;;;;x
count_technopolitan;Tekkie;;;;;;;;;;;;;x
count_female_technopolitan;Tekkie;;;;;;;;;;;;;x
county_of_technopolitan;Startup of;;;;;;;;;;;;;x
emperor_technopolitan;High Chairman;;;;;;;;;;;;;x
emperor_female_technopolitan;High Chairwoman;;;;;;;;;;;;;x
empire_of_technopolitan;Monopoly of;;;;;;;;;;;;;x
temple_baron_technopolitan;Coder;;;;;;;;;;;;;x
temple_barony_of_technopolitan;Server of;;;;;;;;;;;;;x

#Amaitist
temple_baron_amaitist;Priest;;;;;;;;;;;;;x
temple_baron_female_amaitist;Priestess;;;;;;;;;;;;;x
temple_barony_of_amaitist;Temple of;;;;;;;;;;;;;x

#Scholastic
king_scholastic;Superintendent;;;;;;;;;;;;;x
king_female_scholastic;Superintendent;;;;;;;;;;;;;x
kingdom_of_scholastic;District of;;;;;;;;;;;;;x
duke_scholastic;Dean;;;;;;;;;;;;;x
duke_female_scholastic;Dean;;;;;;;;;;;;;x
duchy_of_scholastic;Department of;;;;;;;;;;;;;x
count_scholastic;Principal;;;;;;;;;;;;;x
count_female_scholastic;Principal;;;;;;;;;;;;;x
emperor_scholastic;Supreme Director;;;;;;;;;;;;;x
emperor_female_scholastic;Supreme Director;;;;;;;;;;;;;x
empire_of_scholastic;Scholastic System of;;;;;;;;;;;;;x
temple_baron_scholastic;Educator;;;;;;;;;;;;;x
temple_barony_of_scholastic;University of;;;;;;;;;;;;;x

#Industrialist
king_antiquarianist;Oligarch;;;;;;;;;;;;;x
king_female_antiquarianist;Oligarch;;;;;;;;;;;;;x
kingdom_of_antiquarianist;Oligarchy of;;;;;;;;;;;;;x
duke_antiquarianist;Boss;;;;;;;;;;;;;x
duke_female_antiquarianist;Boss;;;;;;;;;;;;;x
duchy_of_antiquarianist;Company of;;;;;;;;;;;;;x
count_antiquarianist;Manager;;;;;;;;;;;;;x
count_female_antiquarianist;Manager;;;;;;;;;;;;;x
county_of_antiquarianist;Zone of;;;;;;;;;;;;;x
emperor_antiquarianist;Titan;;;;;;;;;;;;;x
emperor_female_antiquarianist;Titan;;;;;;;;;;;;;x
empire_of_antiquarianist;Industry of;;;;;;;;;;;;;x
temple_baron_antiquarianist;Foreman;;;;;;;;;;;;;x
temple_barony_of_antiquarianist;Factory of;;;;;;;;;;;;;x
king_antiquarianist_reformed;Oligarch;;;;;;;;;;;;;x
king_female_antiquarianist_reformed;Oligarch;;;;;;;;;;;;;x
kingdom_of_antiquarianist_reformed;Oligarchy of;;;;;;;;;;;;;x
duke_antiquarianist_reformed;Boss;;;;;;;;;;;;;x
duke_female_antiquarianist_reformed;Boss;;;;;;;;;;;;;x
duchy_of_antiquarianist_reformed;Company of;;;;;;;;;;;;;x
count_antiquarianist_reformed;Manager;;;;;;;;;;;;;x
count_female_antiquarianist_reformed;Manager;;;;;;;;;;;;;x
county_of_antiquarianist_reformed;Zone of;;;;;;;;;;;;;x
emperor_antiquarianist_reformed;Titan;;;;;;;;;;;;;x
emperor_female_antiquarianist_reformed;Titan;;;;;;;;;;;;;x
empire_of_antiquarianist_reformed;Industry of;;;;;;;;;;;;;x
temple_baron_antiquarianist_reformed;Foreman;;;;;;;;;;;;;x
temple_barony_of_antiquarianist_reformed;Factory of;;;;;;;;;;;;;x

#Custodite
king_custodite;General;;;;;;;;;;;;;x
king_female_custodite;General;;;;;;;;;;;;;x
kingdom_of_custodite;Command of;;;;;;;;;;;;;x
duke_custodite;Major General;;;;;;;;;;;;;x
duke_female_custodite;Major General;;;;;;;;;;;;;x
duchy_of_custodite;Division of;;;;;;;;;;;;;x
count_custodite;Colonel;;;;;;;;;;;;;x
count_female_custodite;Colonel;;;;;;;;;;;;;x
county_of_custodite;Outpost of;;;;;;;;;;;;;x
emperor_custodite;Field Marshal;;;;;;;;;;;;;x
emperor_female_custodite;Field Marshal;;;;;;;;;;;;;x
empire_of_custodite;Theatre of;;;;;;;;;;;;;x
temple_baron_custodite;Drill Sergeant;;;;;;;;;;;;;x
temple_barony_of_custodite;Military Academy of;;;;;;;;;;;;;x

#Juggalo
king_juggalo;Ringmaster;;;;;;;;;;;;;x
king_female_juggalo;Ringmaster;;;;;;;;;;;;;x
kingdom_of_juggalo;Great Carnival of;;;;;;;;;;;;;x
duke_juggalo;Boogeyman;;;;;;;;;;;;;x
duke_female_juggalo;Boogeywoman;;;;;;;;;;;;;x
duchy_of_juggalo;Showbiz of;;;;;;;;;;;;;x
count_juggalo;Carny;;;;;;;;;;;;;x
count_female_juggalo;Carny;;;;;;;;;;;;;x
county_of_juggalo;Funhouse of;;;;;;;;;;;;;x
emperor_juggalo;Milenko;;;;;;;;;;;;;x
emperor_female_juggalo;Milenka;;;;;;;;;;;;;x
empire_of_juggalo;Wonderland of;;;;;;;;;;;;;x
temple_baron_juggalo;Clowncaller;;;;;;;;;;;;;x
temple_barony_of_juggalo;Bigtop of;;;;;;;;;;;;;x

#Cineasta
emperor_cineaste;Executive Producer;;;;;;;;;;;;;x
emperor_female_cineaste;Executive Producer;;;;;;;;;;;;;x
empire_of_cineaste;Entertainment of;;;;;;;;;;;;;x
king_cineaste;Producer;;;;;;;;;;;;;x
king_female_cineaste;Producer;;;;;;;;;;;;;x
kingdom_of_cineaste;Production of;;;;;;;;;;;;;x
duke_cineaste;Editor;;;;;;;;;;;;;x
duke_female_cineaste;Editor;;;;;;;;;;;;;x
duchy_of_cineaste;Grand Cinema of;;;;;;;;;;;;;x
count_cineaste;Star;;;;;;;;;;;;;x
count_female_cineaste;Star;;;;;;;;;;;;;x
county_of_cineaste;Stardom of;;;;;;;;;;;;;x
baron_cineaste;Actor;;;;;;;;;;;;;x
baron_female_cineaste;Actress;;;;;;;;;;;;;x
barony_of_cineaste;Stage of;;;;;;;;;;;;;x
temple_baron_cineaste;Scriptwriter;;;;;;;;;;;;;x
temple_baron_female_cineaste;Scriptwriter;;;;;;;;;;;;;x
temple_barony_of_cineaste;Studio of;;;;;;;;;;;;;x
temple_county_of_cineaste;Agency of;;;;;;;;;;;;;x
temple_count_cineaste;Agent;;;;;;;;;;;;;x
temple_count_female_cineaste;Agent;;;;;;;;;;;;;x
temple_duchy_of_cineaste;Recording of;;;;;;;;;;;;;x
temple_duke_cineaste;Cinematographer;;;;;;;;;;;;;x
temple_duke_female_cineaste;Cinematographer;;;;;;;;;;;;;x
temple_kingdom_of_cineaste;Motion Picture of;;;;;;;;;;;;;x
temple_king_cineaste;Director;;;;;;;;;;;;;x
temple_king_female_cineaste;Director;;;;;;;;;;;;;x

#Baphometist
temple_baron_baphometist;Priest;;;;;;;;;;;;;x
temple_baron_female_baphometist;Priestess;;;;;;;;;;;;;x
temple_barony_of_baphometist;Ziggurat of;;;;;;;;;;;;;x
temple_county_of_baphometist;Grand Ziggurat of;;;;;;;;;;;;;x
temple_count_baphometist;Grand Priest;;;;;;;;;;;;;x
temple_count_female_baphometist;Grand Priestess;;;;;;;;;;;;;x
temple_duchy_of_baphometist;Almighty Ziggurat of;;;;;;;;;;;;;x
temple_duke_baphometist;Enlightened Priest;;;;;;;;;;;;;x
temple_duke_female_baphometist;Enlightened Priestess;;;;;;;;;;;;;x
temple_kingdom_of_baphometist;Priestly Kingdom of;;;;;;;;;;;;;x
temple_king_baphometist;Priest-King;;;;;;;;;;;;;x
temple_king_female_baphometist;Priest-Queen;;;;;;;;;;;;;x

#Ardentist
temple_baron_ardentist;Discípulo Ígneo;;;;;;;;;;;;;x
temple_baron_female_ardentist;Discípula Ígnea;;;;;;;;;;;;;x
temple_barony_of_ardentist;Caldera de;;;;;;;;;;;;;x
temple_county_of_ardentist;Gran Caldera de;;;;;;;;;;;;;x
temple_count_ardentist;Sacerdote de Fuego;;;;;;;;;;;;;x
temple_count_female_ardentist;Sacerdotisa de Fuego;;;;;;;;;;;;;x
temple_duchy_of_ardentist;Caldera Todopoderosa de;;;;;;;;;;;;;x
temple_duke_ardentist;Maestro del Fuego Sagrado;;;;;;;;;;;;;x
temple_duke_female_ardentist;Maestra del Fuego Sagrado;;;;;;;;;;;;;x
temple_kingdom_of_ardentist;Reino Volcánico de;;;;;;;;;;;;;x
temple_king_ardentist;Archi-Sacerdote Ígneo;;;;;;;;;;;;;x
temple_king_female_ardentist;Archi-Sacerdotisa Ígnea;;;;;;;;;;;;;x

#Golden Dawn
temple_baron_golden_dawn;Theoricus;;;;;;;;;;;;;x
temple_baron_female_golden_dawn;Theoricus;;;;;;;;;;;;;x
temple_barony_of_golden_dawn;Temple of;;;;;;;;;;;;;x
temple_county_of_golden_dawn;Great Temple of;;;;;;;;;;;;;x
temple_count_golden_dawn;Philosophus;;;;;;;;;;;;;x
temple_count_female_golden_dawn;Philosophus;;;;;;;;;;;;;x
temple_duchy_of_golden_dawn;Grand Temple of;;;;;;;;;;;;;x
temple_duke_golden_dawn;Adeptus Major;;;;;;;;;;;;;x
temple_duke_female_golden_dawn;Adeptus Major;;;;;;;;;;;;;x
temple_kingdom_of_golden_dawn;Exalted Temple of;;;;;;;;;;;;;x
temple_king_golden_dawn;Magus;;;;;;;;;;;;;x
temple_king_female_golden_dawn;Magus;;;;;;;;;;;;;x

#Rio Grande
oligarchic_republic_baron_tejano;Alcalde;;;;;;;;;;;;;x
oligarchic_republic_baron_female_tejano;Alcaldesa;;;;;;;;;;;;;x
oligarchic_republic_count_tejano;Juez;;;;;;;;;;;;;x
oligarchic_republic_count_female_tejano;Jueza;;;;;;;;;;;;;x
oligarchic_republic_duke_tejano;Supervisor;;;;;;;;;;;;;x
oligarchic_republic_duke_female_tejano;Supervisora;;;;;;;;;;;;;x
oligarchic_republic_king_tejano;Gobernador;;;;;;;;;;;;;x
oligarchic_republic_king_female_tejano;Gobernadora;;;;;;;;;;;;;x
oligarchic_republic_emperor_tejano;Presidente;;;;;;;;;;x
oligarchic_republic_emperor_female_tejano;Presidenta;;;;;;;;;;x
oligarchic_republic_barony_of_tejano;Alcaldía de;;;;;;;;;;;;;x
oligarchic_republic_county_of_tejano;Condado de;;;;;;;;;;;;;x
oligarchic_republic_duchy_of_tejano;Distrito de;;;;;;;;;;;;;x
oligarchic_republic_kingdom_of_tejano;Estado de;;;;;;;;;;;;;x
oligarchic_republic_empire_of_regio;República de;;;;;;;;;;;;;x

oligarchic_republic_baron_regio;Alcalde;;;;;;;;;;;;;x
oligarchic_republic_baron_female_regio;Alcaldesa;;;;;;;;;;;;;x
oligarchic_republic_count_regio;Gran Alcalde;;;;;;;;;;;;;x
oligarchic_republic_count_female_regio;Gran Alcaldesa;;;;;;;;;;;;;x
oligarchic_republic_duke_regio;Jefe Político;;;;;;;;;;;;;x
oligarchic_republic_duke_female_regio;Jefa Política;;;;;;;;;;;;;x
oligarchic_republic_king_regio;Gobernador;;;;;;;;;;;;;x
oligarchic_republic_king_female_regio;Gobernadora;;;;;;;;;;;;;x
oligarchic_republic_emperor_regio;Presidente;;;;;;;;;;x
oligarchic_republic_emperor_female_regio;Presidenta;;;;;;;;;;x
oligarchic_republic_barony_of_regio;Comisaría de;;;;;;;;;;;;;x
oligarchic_republic_county_of_regio;Municipio de;;;;;;;;;;;;;x
oligarchic_republic_duchy_of_regio;Partido de;;;;;;;;;;;;;x
oligarchic_republic_kingdom_of_regio;Estado de;;;;;;;;;;;;;x
oligarchic_republic_empire_of_regio;República de;;;;;;;;;;;;;x

oligarchic_republic_baron_norteno;Comisario;;;;;;;;;;;;;x
oligarchic_republic_baron_female_norteno;Comisaria;;;;;;;;;;;;;x
oligarchic_republic_count_norteno;Alcalde;;;;;;;;;;;;;x
oligarchic_republic_count_female_norteno;Alcaldesa;;;;;;;;;;;;;x
oligarchic_republic_duke_norteno;Jefe Político;;;;;;;;;;;;;x
oligarchic_republic_duke_female_norteno;Jefa Política;;;;;;;;;;;;;x
oligarchic_republic_king_norteno;Gobernador;;;;;;;;;;;;;x
oligarchic_republic_king_female_norteno;Gobernadora;;;;;;;;;;;;;x
oligarchic_republic_emperor_norteno;Presidente;;;;;;;;;;x
oligarchic_republic_emperor_female_norteno;Presidenta;;;;;;;;;;x
oligarchic_republic_barony_of_norteno;Comisaría de;;;;;;;;;;;;;x
oligarchic_republic_county_of_norteno;Municipio de;;;;;;;;;;;;;x
oligarchic_republic_duchy_of_norteno;Partido de;;;;;;;;;;;;;x
oligarchic_republic_kingdom_of_norteno;Estado de;;;;;;;;;;;;;x
oligarchic_republic_empire_of_norteno;República del;;;;;;;;;;;;;x

#Consular Republic

consular_republic_baron;Mayor;;;;;;;;;;;;;x
consular_republic_baron_female;Mayor;;;;;;;;;;;;;x
consular_republic_count;Judge;;;;;;;;;;;;;x
consular_republic_count_female;Judge;;;;;;;;;;;;;x
consular_republic_duke;Comissioner;;;;;;;;;;;;;x
consular_republic_duke_female;Comissioner;;;;;;;;;;;;;x
consular_republic_king;Governor;;;;;;;;;;;;;x
consular_republic_king_female;Governess;;;;;;;;;;;;;x
consular_republic_emperor;Consul;;;;;;;;;;x
consular_republic_emperor_female;Consul;;;;;;;;;;x
consular_republic_barony_of;Township of;;;;;;;;;;;;;x
consular_republic_county_of;County of;;;;;;;;;;;;;x
consular_republic_duchy_of;Territory of;;;;;;;;;;;;;x
consular_republic_kingdom_of;State of;;;;;;;;;;;;;x
consular_republic_empire_of;Consular Republic;;;;;;;;;;;;;x

consular_republic_baron_tejano;Alcalde;;;;;;;;;;;;;x
consular_republic_baron_female_tejano;Alcaldesa;;;;;;;;;;;;;x
consular_republic_count_tejano;Juez;;;;;;;;;;;;;x
consular_republic_count_female_tejano;Jueza;;;;;;;;;;;;;x
consular_republic_duke_tejano;Comisionado;;;;;;;;;;;;;x
consular_republic_duke_female_tejano;Comisionada;;;;;;;;;;;;;x
consular_republic_king_tejano;Gobernador;;;;;;;;;;;;;x
consular_republic_king_female_tejano;Gobernadora;;;;;;;;;;;;;x
consular_republic_emperor_tejano;Cónsul;;;;;;;;;;x
consular_republic_emperor_female_tejano;Cónsul;;;;;;;;;;x
consular_republic_barony_of_tejano;Alcaldía de;;;;;;;;;;;;;x
consular_republic_county_of_tejano;Condado de;;;;;;;;;;;;;x
consular_republic_duchy_of_tejano;Territorio de;;;;;;;;;;;;;x
consular_republic_kingdom_of_tejano;Estado de;;;;;;;;;;;;;x
consular_republic_empire_of_tejano;República Consular de;;;;;;;;;;;;;x

consular_republic_baron_regio;Alcalde;;;;;;;;;;;;;x
consular_republic_baron_female_regio;Alcaldesa;;;;;;;;;;;;;x
consular_republic_count_regio;Juez;;;;;;;;;;;;;x
consular_republic_count_female_regio;Jueza;;;;;;;;;;;;;x
consular_republic_duke_regio;Comisionado;;;;;;;;;;;;;x
consular_republic_duke_female_regio;Comisionada;;;;;;;;;;;;;x
consular_republic_king_regio;Gobernador;;;;;;;;;;;;;x
consular_republic_king_female_regio;Gobernadora;;;;;;;;;;;;;x
consular_republic_emperor_regio;Cónsul;;;;;;;;;;x
consular_republic_emperor_female_regio;Cónsul;;;;;;;;;;x
consular_republic_barony_of_regio;Alcaldía de;;;;;;;;;;;;;x
consular_republic_county_of_regio;Condado de;;;;;;;;;;;;;x
consular_republic_duchy_of_regio;Territorio de;;;;;;;;;;;;;x
consular_republic_kingdom_of_regio;Estado de;;;;;;;;;;;;;x
consular_republic_empire_of_regio;República Consular de;;;;;;;;;;;;;x

consular_republic_baron_norteno;Alcalde;;;;;;;;;;;;;x
consular_republic_baron_female_norteno;Alcaldesa;;;;;;;;;;;;;x
consular_republic_count_norteno;Juez;;;;;;;;;;;;;x
consular_republic_count_female_norteno;Jueza;;;;;;;;;;;;;x
consular_republic_duke_norteno;Comisionado;;;;;;;;;;;;;x
consular_republic_duke_female_norteno;Comisionada;;;;;;;;;;;;;x
consular_republic_king_norteno;Gobernador;;;;;;;;;;;;;x
consular_republic_king_female_norteno;Gobernadora;;;;;;;;;;;;;x
consular_republic_emperor_norteno;Cónsul;;;;;;;;;;x
consular_republic_emperor_female_norteno;Cónsul;;;;;;;;;;x
consular_republic_barony_of_norteno;Alcaldía de;;;;;;;;;;;;;x
consular_republic_county_of_norteno;Condado de;;;;;;;;;;;;;x
consular_republic_duchy_of_norteno;Territorio de;;;;;;;;;;;;;x
consular_republic_kingdom_of_norteno;Estado de;;;;;;;;;;;;;x
consular_republic_empire_of_norteno;República Consular de;;;;;;;;;;;;;x

consular_republic_baron_amero_slavic;Mayor;;;;;;;;;;;;;x
consular_republic_baron_female_amero_slavic;Mayor;;;;;;;;;;;;;x
consular_republic_count_amero_slavic;Judge;;;;;;;;;;;;;x
consular_republic_count_female_amero_slavic;Judge;;;;;;;;;;;;;x
consular_republic_duke_amero_slavic;Comissioner;;;;;;;;;;;;;x
consular_republic_duke_female_amero_slavic;Comissioner;;;;;;;;;;;;;x
consular_republic_king_amero_slavic;Governor;;;;;;;;;;;;;x
consular_republic_king_female_amero_slavic;Governess;;;;;;;;;;;;;x
consular_republic_emperor_amero_slavic;Consul;;;;;;;;;;x
consular_republic_emperor_female_amero_slavic;Consul;;;;;;;;;;x
consular_republic_barony_of_amero_slavic;Township of;;;;;;;;;;;;;x
consular_republic_county_of_amero_slavic;County of;;;;;;;;;;;;;x
consular_republic_duchy_of_amero_slavic;Territory of;;;;;;;;;;;;;x
consular_republic_kingdom_of_amero_slavic;State of;;;;;;;;;;;;;x
consular_republic_empire_of_amero_slavic;Consular Republic of;;;;;;;;;;;;;x


baron_medyar;Bároh;;;;;;;;;;;;;x
baron_female_medyar;Bárohnö;;;;;;;;;;;;;x
count_medyar;Sejk;;;;;;;;;;;;;x
count_female_medyar;Sejknö;;;;;;;;;;;;;x
duke_medyar;Emír;;;;;;;;;;;;;x
duke_female_medyar;Emírnö;;;;;;;;;;;;;x
king_medyar;Zoltán;;;;;;;;;;;;;x
king_female_medyar;Zoltánnö;;;;;;;;;;;;;x
emperor_medyar;Nagh Zoltán;;;;;;;;;;;;;x
emperor_female_medyar;Nagh Zöltánnö;;;;;;;;;;;;;x
barony_of_medyar;Bárohság of;;;;;;;;;;;;;x
county_of_medyar;Sejkség of;;;;;;;;;;x
duchy_of_medyar;Emírség of;;;;;;;;;;x
kingdom_of_medyar;Zoltánság of;;;;;;;;;;x
empire_of_medyar;Nagh Zoltánság of;;;;;;;;;;x

count_baleazale;Kondea;Kondea;Kondea;;Kondea;;;;;;;;;x
count_female_baleazale;Kondesa;Kondesa;Kondesa;;Kondesa;;;;;;;;;x
duke_baleazale;Dukea;Dukea;Dukea;;Dukea;;;;;;;;;x
duke_female_baleazale;Dukesa;Dukesa;Dukesa;;Dukesa;;;;;;;;;x
king_baleazale;Errege;Errege;Errege;;Errege;;;;;;;;;x
king_female_baleazale;Erregina;Erregina;Erregina;;Erregina;;;;;;;;;x
emperor_baleazale;Enperadorea;Enperadorea;Enperadorea;;Enperadorea;;;;;;;;;x
emperor_female_baleazale;Enperatriz;Enperatriz;Enperatriz;;Enperatriz;;;;;;;;;x
county_of_baleazale;Konderria of;;;;;;;;;;x
duchy_of_baleazale;Dukerria of;;;;;;;;;;x
kingdom_of_baleazale;Erresuma of;;;;;;;;;;x
empire_of_baleazale;Inperioa of;;;;;;;;;;x

plains_algonquian_FEATURES;§Y*§! Can create mercenary bands;;;;;;;;;x
cree_FEATURES;§Y*§! Can create mercenary bands;;;;;;;;;x
siouan_FEATURES;§Y*§! Can create mercenary bands;;;;;;;;;x
amero_slavic_FEATURES;§Y*§! Can create mercenary bands;;;;;;;;;x
caddoan_FEATURES;§Y*§! Can create mercenary bands;;;;;;;;;x
numic_FEATURES;§Y*§! Can create mercenary bands;;;;;;;;;x
mountainer_FEATURES;§Y*§! Can create mercenary bands;;;;;;;;;x
plainslander_FEATURES;§Y*§! Can create mercenary bands;;;;;;;;;x
west_texan_FEATURES;§Y*§! Can create mercenary bands;;;;;;;;;x
amerogerman_FEATURES;§Y*§! Can create mercenary bands;;;;;;;;;x
chicano_FEATURES;§Y*§! Can create mercenary bands;;;;;;;;;x
north_mexican_FEATURES;§Y*§! Can create mercenary bands;;;;;;;;;x
great_basin_FEATURES;§Y*§! Can create mercenary bands;;;;;;;;;x
californio_group_FEATURES;§Y*§! Can create mercenary bands;;;;;;;;;x
haida_group_FEATURES;§Y*§! Can create mercenary bands;;;;;;;;;x
tlingit_group_FEATURES;§Y*§! Can create mercenary bands;;;;;;;;;x
tsimshianic_FEATURES;§Y*§! Can create mercenary bands;;;;;;;;;x
west_coaster_FEATURES;§Y*§! Can create mercenary bands;;;;;;;;;x
northwest_anglo_FEATURES;§Y*§! Can create mercenary bands;;;;;;;;;x
salishan_FEATURES;§Y*§! Can create mercenary bands;;;;;;;;;x
wakashan_FEATURES;§Y*§! Can create mercenary bands;;;;;;;;;x
ojibwe_FEATURES;§Y*§! Can create mercenary bands;;;;;;;;;x
north_atlantic_anglophone_FEATURES;§Y*§! Can create mercenary bands;;;;;;;;;x
amero_goidelic_FEATURES;§Y*§! Can create mercenary bands;;;;;;;;;x
eastern_algonquian_FEATURES;§Y*§! Can create mercenary bands;;;;;;;;;x
